epoch,step,train_loss_epoch,train_loss_step,val_MAE,val_MAPE,val_RMSE,val_SMAPE,val_loss
0,0,,,0.6942001581192017,8.873470306396484,0.9326778650283813,1.147896409034729,0.9326778650283813
0,49,,0.8085223436355591,,,,,
0,99,,0.8279712200164795,,,,,
0,149,,0.7646612524986267,,,,,
0,199,,0.8275370597839355,,,,,
0,249,,0.787955105304718,,,,,
0,299,,0.8450047969818115,,,,,
0,349,,0.8375997543334961,,,,,
0,399,,0.8017699122428894,,,,,
0,449,,0.8299739360809326,,,,,
0,499,,0.8324269652366638,,,,,
0,549,,0.7747659683227539,,,,,
0,599,,0.8073874711990356,,,,,
0,649,,0.8320936560630798,,,,,
0,699,,0.7498987913131714,,,,,
0,749,,0.8130308985710144,,,,,
0,799,,0.8852165937423706,,,,,
0,849,,0.8349615335464478,,,,,
0,899,,0.8459705710411072,,,,,
0,949,,0.9265350699424744,,,,,
0,999,,0.8097225427627563,,,,,
0,1049,,0.7901850938796997,,,,,
0,1099,,0.8362084031105042,,,,,
0,1149,,0.7782347202301025,,,,,
0,1199,,0.760033905506134,,,,,
0,1249,,0.8261216878890991,,,,,
0,1299,,0.811192512512207,,,,,
0,1349,,0.7747014760971069,,,,,
0,1399,,0.8509409427642822,,,,,
0,1449,,0.8004562854766846,,,,,
0,1499,,0.7895990610122681,,,,,
0,1549,,0.8410205841064453,,,,,
0,1599,,0.8519597053527832,,,,,
0,1649,,0.8183728456497192,,,,,
0,1699,,0.8924009203910828,,,,,
0,1749,,0.8357047438621521,,,,,
0,1799,,0.8136025071144104,,,,,
0,1849,,0.8852018117904663,,,,,
0,1899,,0.8229082226753235,,,,,
0,1949,,0.7966530323028564,,,,,
0,1999,,0.8344370126724243,,,,,
0,2049,,0.819466233253479,,,,,
0,2099,,0.787282407283783,,,,,
0,2149,,0.8414611220359802,,,,,
0,2199,,0.8328062891960144,,,,,
0,2249,,0.8688132166862488,,,,,
0,2299,,0.8111442923545837,,,,,
0,2349,,0.8378029465675354,,,,,
0,2399,,0.8669900298118591,,,,,
0,2449,,0.7637004256248474,,,,,
0,2499,,0.8544298410415649,,,,,
0,2549,,0.8218766450881958,,,,,
0,2599,,0.791734516620636,,,,,
0,2649,,0.7610797882080078,,,,,
0,2699,,0.7674860954284668,,,,,
0,2749,,0.8052414059638977,,,,,
0,2799,,0.832122266292572,,,,,
0,2849,,0.8133001327514648,,,,,
0,2899,,0.8052670955657959,,,,,
0,2949,,0.8448798656463623,,,,,
0,2999,,0.7686940431594849,,,,,
0,3049,,0.8502132296562195,,,,,
0,3099,,0.8386502861976624,,,,,
0,3149,,0.8419371843338013,,,,,
0,3199,,0.7973520159721375,,,,,
0,3249,,0.8110317587852478,,,,,
0,3299,,0.8583682179450989,,,,,
0,3349,,0.8234332203865051,,,,,
0,3399,,0.8048985600471497,,,,,
0,3449,,0.8266612887382507,,,,,
0,3499,,0.8154534697532654,,,,,
0,3549,,0.7991588115692139,,,,,
0,3599,,0.8030229210853577,,,,,
0,3649,,0.850574254989624,,,,,
0,3683,,,0.6958386301994324,8.83609390258789,0.9346811771392822,1.1475788354873657,0.9346811771392822
0,3683,0.8271450996398926,,,,,,
1,3699,,0.7920932769775391,,,,,
1,3749,,0.8301533460617065,,,,,
1,3799,,0.8260310292243958,,,,,
1,3849,,0.8200381398200989,,,,,
1,3899,,0.7777702808380127,,,,,
1,3949,,0.8255450129508972,,,,,
1,3999,,0.8117015361785889,,,,,
1,4049,,0.7822578549385071,,,,,
1,4099,,0.891465961933136,,,,,
1,4149,,0.8514113426208496,,,,,
1,4199,,0.880755603313446,,,,,
1,4249,,0.8106977343559265,,,,,
1,4299,,0.7902656197547913,,,,,
1,4349,,0.7701011896133423,,,,,
1,4399,,0.797431468963623,,,,,
1,4449,,0.8377730846405029,,,,,
1,4499,,0.8740386962890625,,,,,
1,4549,,0.7956377267837524,,,,,
1,4599,,0.8817042708396912,,,,,
1,4649,,0.8029952049255371,,,,,
1,4699,,0.7866049408912659,,,,,
1,4749,,0.8301584124565125,,,,,
1,4799,,0.8596392273902893,,,,,
1,4849,,0.793171763420105,,,,,
1,4899,,0.8171156048774719,,,,,
1,4949,,0.8045893907546997,,,,,
1,4999,,0.8345484137535095,,,,,
1,5049,,0.7498091459274292,,,,,
1,5099,,0.857164204120636,,,,,
1,5149,,0.8136184811592102,,,,,
1,5199,,0.8714844584465027,,,,,
1,5249,,0.8571746349334717,,,,,
1,5299,,0.8358596563339233,,,,,
1,5349,,0.8383867144584656,,,,,
1,5399,,0.8528475165367126,,,,,
1,5449,,0.8488402366638184,,,,,
1,5499,,0.8413668870925903,,,,,
1,5549,,0.8453274965286255,,,,,
1,5599,,0.8315041065216064,,,,,
1,5649,,0.778262197971344,,,,,
1,5699,,0.8177909851074219,,,,,
1,5749,,0.8735489249229431,,,,,
1,5799,,0.7560059428215027,,,,,
1,5849,,0.8601850867271423,,,,,
1,5899,,0.8243662118911743,,,,,
1,5949,,0.7778736352920532,,,,,
1,5999,,0.807249903678894,,,,,
1,6049,,0.811377227306366,,,,,
1,6099,,0.8288148045539856,,,,,
1,6149,,0.8603134155273438,,,,,
1,6199,,0.837634265422821,,,,,
1,6249,,0.8983347415924072,,,,,
1,6299,,0.8269007205963135,,,,,
1,6349,,0.8282259106636047,,,,,
1,6399,,0.8461194634437561,,,,,
1,6449,,0.8494549989700317,,,,,
1,6499,,0.8216013312339783,,,,,
1,6549,,0.9007993936538696,,,,,
1,6599,,0.845848560333252,,,,,
1,6649,,0.8000373840332031,,,,,
1,6699,,0.8579255938529968,,,,,
1,6749,,0.7923160195350647,,,,,
1,6799,,0.8339717388153076,,,,,
1,6849,,0.8619717955589294,,,,,
1,6899,,0.831854522228241,,,,,
1,6949,,0.8346865773200989,,,,,
1,6999,,0.8979443907737732,,,,,
1,7049,,0.8260337114334106,,,,,
1,7099,,0.8175919651985168,,,,,
1,7149,,0.820392906665802,,,,,
1,7199,,0.787541389465332,,,,,
1,7249,,0.8542048335075378,,,,,
1,7299,,0.8260790109634399,,,,,
1,7349,,0.8118789196014404,,,,,
1,7367,,,0.6965545415878296,8.8704833984375,0.9374091625213623,1.1468391418457031,0.9374091625213623
1,7367,0.8269627690315247,,,,,,
2,7399,,0.7705263495445251,,,,,
2,7449,,0.8048938512802124,,,,,
2,7499,,0.8331217765808105,,,,,
2,7549,,0.7568261027336121,,,,,
2,7599,,0.8160507082939148,,,,,
2,7649,,0.8262945413589478,,,,,
2,7699,,0.7937228083610535,,,,,
2,7749,,0.7851386070251465,,,,,
2,7799,,0.8596734404563904,,,,,
2,7849,,0.8689350485801697,,,,,
2,7899,,0.7962310910224915,,,,,
2,7949,,0.7741710543632507,,,,,
2,7999,,0.8413035869598389,,,,,
2,8049,,0.7832786440849304,,,,,
2,8099,,0.8201462030410767,,,,,
2,8149,,0.787394106388092,,,,,
2,8199,,0.7814396023750305,,,,,
2,8249,,0.884089469909668,,,,,
2,8299,,0.8369482755661011,,,,,
2,8349,,0.8019816875457764,,,,,
2,8399,,0.7873865962028503,,,,,
2,8449,,0.8630876541137695,,,,,
2,8499,,0.8246998190879822,,,,,
2,8549,,0.8398590683937073,,,,,
2,8599,,0.8392911553382874,,,,,
2,8649,,0.8223076462745667,,,,,
2,8699,,0.8091211318969727,,,,,
2,8749,,0.8150279521942139,,,,,
2,8799,,0.8452579379081726,,,,,
2,8849,,0.7973697781562805,,,,,
2,8899,,0.8418571352958679,,,,,
2,8949,,0.8175333142280579,,,,,
2,8999,,0.8450788259506226,,,,,
2,9049,,0.8025728464126587,,,,,
2,9099,,0.8223157525062561,,,,,
2,9149,,0.8968246579170227,,,,,
2,9199,,0.855311930179596,,,,,
2,9249,,0.8551072478294373,,,,,
2,9299,,0.7969003319740295,,,,,
2,9349,,0.825759768486023,,,,,
2,9399,,0.8883617520332336,,,,,
2,9449,,0.7851905226707458,,,,,
2,9499,,0.8611841797828674,,,,,
2,9549,,0.8305000066757202,,,,,
2,9599,,0.7980160713195801,,,,,
2,9649,,0.8447797298431396,,,,,
2,9699,,0.8156453967094421,,,,,
2,9749,,0.8917025923728943,,,,,
2,9799,,0.8411775231361389,,,,,
2,9849,,0.8405069708824158,,,,,
2,9899,,0.8356502056121826,,,,,
2,9949,,0.7680405378341675,,,,,
2,9999,,0.7649988532066345,,,,,
2,10049,,0.8745640516281128,,,,,
2,10099,,0.7823266983032227,,,,,
2,10149,,0.8508036136627197,,,,,
2,10199,,0.8009475469589233,,,,,
2,10249,,0.7849528193473816,,,,,
2,10299,,0.8548964858055115,,,,,
2,10349,,0.7889999747276306,,,,,
2,10399,,0.8127384781837463,,,,,
2,10449,,0.8592164516448975,,,,,
2,10499,,0.7982721328735352,,,,,
2,10549,,0.8468340039253235,,,,,
2,10599,,0.8305789828300476,,,,,
2,10649,,0.8179769515991211,,,,,
2,10699,,0.789263129234314,,,,,
2,10749,,0.8407503366470337,,,,,
2,10799,,0.8135273456573486,,,,,
2,10849,,0.7893675565719604,,,,,
2,10899,,0.825391948223114,,,,,
2,10949,,0.8303712606430054,,,,,
2,10999,,0.8103215098381042,,,,,
2,11049,,0.7968756556510925,,,,,
2,11051,,,0.6935251951217651,9.155464172363281,0.9312063455581665,1.144900918006897,0.9312063455581665
2,11051,0.8268423080444336,,,,,,
3,11099,,0.8047773241996765,,,,,
3,11149,,0.8285695314407349,,,,,
3,11199,,0.8734085559844971,,,,,
3,11249,,0.8122626543045044,,,,,
3,11299,,0.8341061472892761,,,,,
3,11349,,0.8853681683540344,,,,,
3,11399,,0.8194072246551514,,,,,
3,11449,,0.8352358937263489,,,,,
3,11499,,0.8175325393676758,,,,,
3,11549,,0.8174718618392944,,,,,
3,11599,,0.8627727627754211,,,,,
3,11649,,0.8406249284744263,,,,,
3,11699,,0.8237867951393127,,,,,
3,11749,,0.8145017623901367,,,,,
3,11799,,0.8588821291923523,,,,,
3,11849,,0.8386151194572449,,,,,
3,11899,,0.8131739497184753,,,,,
3,11949,,0.7451788783073425,,,,,
3,11999,,0.8124060034751892,,,,,
3,12049,,0.7711896896362305,,,,,
3,12099,,0.8215004205703735,,,,,
3,12149,,0.8326639533042908,,,,,
3,12199,,0.7808263897895813,,,,,
3,12249,,0.8135501146316528,,,,,
3,12299,,0.875447154045105,,,,,
3,12349,,0.8175298571586609,,,,,
3,12399,,0.8083167672157288,,,,,
3,12449,,0.7665631771087646,,,,,
3,12499,,0.8535427451133728,,,,,
3,12549,,0.8422436714172363,,,,,
3,12599,,0.8761864900588989,,,,,
3,12649,,0.8221216201782227,,,,,
3,12699,,0.808882474899292,,,,,
3,12749,,0.8533942103385925,,,,,
3,12799,,0.8165869116783142,,,,,
3,12849,,0.8498286008834839,,,,,
3,12899,,0.8262613415718079,,,,,
3,12949,,0.8264819979667664,,,,,
3,12999,,0.7829347848892212,,,,,
3,13049,,0.8826002478599548,,,,,
3,13099,,0.794819712638855,,,,,
3,13149,,0.7821385860443115,,,,,
3,13199,,0.8315427303314209,,,,,
3,13249,,0.838133692741394,,,,,
3,13299,,0.8788251876831055,,,,,
3,13349,,0.9041202664375305,,,,,
3,13399,,0.8334057331085205,,,,,
3,13449,,0.8896120190620422,,,,,
3,13499,,0.8281447291374207,,,,,
3,13549,,0.8436905741691589,,,,,
3,13599,,0.7938461899757385,,,,,
3,13649,,0.8099473714828491,,,,,
3,13699,,0.838269829750061,,,,,
3,13749,,0.7847325205802917,,,,,
3,13799,,0.7952468395233154,,,,,
3,13849,,0.8333746790885925,,,,,
3,13899,,0.814976692199707,,,,,
3,13949,,0.8495091795921326,,,,,
3,13999,,0.7826169729232788,,,,,
3,14049,,0.8192378282546997,,,,,
3,14099,,0.768406093120575,,,,,
3,14149,,0.868323028087616,,,,,
3,14199,,0.8629190921783447,,,,,
3,14249,,0.8295924067497253,,,,,
3,14299,,0.950562059879303,,,,,
3,14349,,0.8185611963272095,,,,,
3,14399,,0.8832868337631226,,,,,
3,14449,,0.8102956414222717,,,,,
3,14499,,0.8590770363807678,,,,,
3,14549,,0.8667712211608887,,,,,
3,14599,,0.7929283976554871,,,,,
3,14649,,0.8190839886665344,,,,,
3,14699,,0.7803959250450134,,,,,
3,14735,,,0.6956570744514465,9.012486457824707,0.9359921216964722,1.1467339992523193,0.9359921216964722
3,14735,0.8268039226531982,,,,,,
4,14749,,0.8675960302352905,,,,,
4,14799,,0.8492240905761719,,,,,
4,14849,,0.9457717537879944,,,,,
4,14899,,0.8023037910461426,,,,,
4,14949,,0.8039363026618958,,,,,
4,14999,,0.8327673077583313,,,,,
4,15049,,0.8025526404380798,,,,,
4,15099,,0.8595695495605469,,,,,
4,15149,,0.9088764190673828,,,,,
4,15199,,0.8271957635879517,,,,,
4,15249,,0.8829689025878906,,,,,
4,15299,,0.90583336353302,,,,,
4,15349,,0.8732118010520935,,,,,
4,15399,,0.866190493106842,,,,,
4,15449,,0.8221243023872375,,,,,
4,15499,,0.7798211574554443,,,,,
4,15549,,0.8248572945594788,,,,,
4,15599,,0.7955572009086609,,,,,
4,15649,,0.809700071811676,,,,,
4,15699,,0.790839672088623,,,,,
4,15749,,0.7903186678886414,,,,,
4,15799,,0.7819737792015076,,,,,
4,15849,,0.7930396199226379,,,,,
4,15899,,0.8402606844902039,,,,,
4,15949,,0.7962839603424072,,,,,
4,15999,,0.8413435816764832,,,,,
4,16049,,0.8236247897148132,,,,,
4,16099,,0.7514035105705261,,,,,
4,16149,,0.771896243095398,,,,,
4,16199,,0.9181731343269348,,,,,
4,16249,,0.8066778779029846,,,,,
4,16299,,0.9021463394165039,,,,,
4,16349,,0.8473589420318604,,,,,
4,16399,,0.7980425953865051,,,,,
4,16449,,0.8422572612762451,,,,,
4,16499,,0.7877021431922913,,,,,
4,16549,,0.8417608141899109,,,,,
4,16599,,0.7983016967773438,,,,,
4,16649,,0.8218386173248291,,,,,
4,16699,,0.7888084053993225,,,,,
4,16749,,0.7970967292785645,,,,,
4,16799,,0.84455406665802,,,,,
4,16849,,0.8424820303916931,,,,,
4,16899,,0.8264368176460266,,,,,
4,16949,,0.7395527958869934,,,,,
4,16999,,0.8320908546447754,,,,,
4,17049,,0.8476867079734802,,,,,
4,17099,,0.8317509293556213,,,,,
4,17149,,0.8397955894470215,,,,,
4,17199,,0.84159255027771,,,,,
4,17249,,0.8245436549186707,,,,,
4,17299,,0.7600065469741821,,,,,
4,17349,,0.8660886287689209,,,,,
4,17399,,0.7869493365287781,,,,,
4,17449,,0.8635612726211548,,,,,
4,17499,,0.7688809037208557,,,,,
4,17549,,0.8486159443855286,,,,,
4,17599,,0.8264448046684265,,,,,
4,17649,,0.7984517216682434,,,,,
4,17699,,0.817762017250061,,,,,
4,17749,,0.7867767214775085,,,,,
4,17799,,0.7655650973320007,,,,,
4,17849,,0.8034406304359436,,,,,
4,17899,,0.8392595052719116,,,,,
4,17949,,0.8629039525985718,,,,,
4,17999,,0.8549985289573669,,,,,
4,18049,,0.8180907368659973,,,,,
4,18099,,0.8597732782363892,,,,,
4,18149,,0.8463216423988342,,,,,
4,18199,,0.8620820045471191,,,,,
4,18249,,0.8152850270271301,,,,,
4,18299,,0.7946198582649231,,,,,
4,18349,,0.8104208707809448,,,,,
4,18399,,0.8209932446479797,,,,,
4,18419,,,0.6954635381698608,8.826345443725586,0.9329214096069336,1.1492458581924438,0.9329214096069336
4,18419,0.826766312122345,,,,,,
5,18449,,0.8075841069221497,,,,,
5,18499,,0.8436403870582581,,,,,
5,18549,,0.8723276257514954,,,,,
5,18599,,0.8006138801574707,,,,,
5,18649,,0.7909277081489563,,,,,
5,18699,,0.8548997044563293,,,,,
5,18749,,0.8578492403030396,,,,,
5,18799,,0.8641326427459717,,,,,
5,18849,,0.779670238494873,,,,,
5,18899,,0.7841125726699829,,,,,
5,18949,,0.907029926776886,,,,,
5,18999,,0.8199275135993958,,,,,
5,19049,,0.806451678276062,,,,,
5,19099,,0.8141483664512634,,,,,
5,19149,,0.8049032092094421,,,,,
5,19199,,0.8373764157295227,,,,,
5,19249,,0.8402542471885681,,,,,
5,19299,,0.8279651403427124,,,,,
5,19349,,0.8520504832267761,,,,,
5,19399,,0.8199220895767212,,,,,
5,19449,,0.8127314448356628,,,,,
5,19499,,0.7710881233215332,,,,,
5,19549,,0.8194214105606079,,,,,
5,19599,,0.8506003618240356,,,,,
5,19649,,0.8195770382881165,,,,,
5,19699,,0.8196350932121277,,,,,
5,19749,,0.7910634279251099,,,,,
5,19799,,0.8627465963363647,,,,,
5,19849,,0.8367860913276672,,,,,
5,19899,,0.8465306162834167,,,,,
5,19949,,0.8224071860313416,,,,,
5,19999,,0.8488320708274841,,,,,
5,20049,,0.8353757262229919,,,,,
5,20099,,0.9304744005203247,,,,,
5,20149,,0.833688497543335,,,,,
5,20199,,0.8298168778419495,,,,,
5,20249,,0.8289681077003479,,,,,
5,20299,,0.7954905033111572,,,,,
5,20349,,0.7828319668769836,,,,,
5,20399,,0.8277866840362549,,,,,
5,20449,,0.8213334679603577,,,,,
5,20499,,0.87444669008255,,,,,
5,20549,,0.8659464120864868,,,,,
5,20599,,0.848219633102417,,,,,
5,20649,,0.8249807357788086,,,,,
5,20699,,0.8421341776847839,,,,,
5,20749,,0.8398568034172058,,,,,
5,20799,,0.8134665489196777,,,,,
5,20849,,0.8774966597557068,,,,,
5,20899,,0.8390157222747803,,,,,
5,20949,,0.8671537041664124,,,,,
5,20999,,0.8247956037521362,,,,,
5,21049,,0.8150140047073364,,,,,
5,21099,,0.820056676864624,,,,,
5,21149,,0.8340193629264832,,,,,
5,21199,,0.8390094041824341,,,,,
5,21249,,0.8721538186073303,,,,,
5,21299,,0.7968935966491699,,,,,
5,21349,,0.8179018497467041,,,,,
5,21399,,0.7698112726211548,,,,,
5,21449,,0.8033662438392639,,,,,
5,21499,,0.8159064054489136,,,,,
5,21549,,0.8704455494880676,,,,,
5,21599,,0.7967033386230469,,,,,
5,21649,,0.8522260189056396,,,,,
5,21699,,0.8309280276298523,,,,,
5,21749,,0.7897924780845642,,,,,
5,21799,,0.8372983336448669,,,,,
5,21849,,0.8558835983276367,,,,,
5,21899,,0.8038100004196167,,,,,
5,21949,,0.8340197801589966,,,,,
5,21999,,0.7817859649658203,,,,,
5,22049,,0.8310219049453735,,,,,
5,22099,,0.8563624024391174,,,,,
5,22103,,,0.6986486315727234,8.940919876098633,0.9392109513282776,1.1469502449035645,0.9392109513282776
5,22103,0.8266076445579529,,,,,,
6,22149,,0.8091405034065247,,,,,
6,22199,,0.8100787997245789,,,,,
6,22249,,0.7723725438117981,,,,,
6,22299,,0.801788330078125,,,,,
6,22349,,0.8450338840484619,,,,,
6,22399,,0.7784743905067444,,,,,
6,22449,,0.7975992560386658,,,,,
6,22499,,0.8423280119895935,,,,,
6,22549,,0.8087671995162964,,,,,
6,22599,,0.8055267930030823,,,,,
6,22649,,0.7972093224525452,,,,,
6,22699,,0.8179370164871216,,,,,
6,22749,,0.8379181623458862,,,,,
6,22799,,0.847865641117096,,,,,
6,22849,,0.830131471157074,,,,,
6,22899,,0.8002291917800903,,,,,
6,22949,,0.8190760016441345,,,,,
6,22999,,0.8188788890838623,,,,,
6,23049,,0.8454685807228088,,,,,
6,23099,,0.7728063464164734,,,,,
6,23149,,0.8088632822036743,,,,,
6,23199,,0.8216137290000916,,,,,
6,23249,,0.8022890686988831,,,,,
6,23299,,0.8697266578674316,,,,,
6,23349,,0.8578335642814636,,,,,
6,23399,,0.7994828820228577,,,,,
6,23449,,0.8786032795906067,,,,,
6,23499,,0.8654093146324158,,,,,
6,23549,,0.7749013304710388,,,,,
6,23599,,0.8005397319793701,,,,,
6,23649,,0.743428111076355,,,,,
6,23699,,0.8307821154594421,,,,,
6,23749,,0.8324272632598877,,,,,
6,23799,,0.8141741752624512,,,,,
6,23849,,0.8416470289230347,,,,,
6,23899,,0.8508915901184082,,,,,
6,23949,,0.8425458669662476,,,,,
6,23999,,0.8548950552940369,,,,,
6,24049,,0.7660017013549805,,,,,
6,24099,,0.8370224237442017,,,,,
6,24149,,0.8090484738349915,,,,,
6,24199,,0.7881936430931091,,,,,
6,24249,,0.8182582855224609,,,,,
6,24299,,0.8431113958358765,,,,,
6,24349,,0.8099457025527954,,,,,
6,24399,,0.7988560795783997,,,,,
6,24449,,0.7772464156150818,,,,,
6,24499,,0.7813781499862671,,,,,
6,24549,,0.7786079049110413,,,,,
6,24599,,0.7740773558616638,,,,,
6,24649,,0.8413388729095459,,,,,
6,24699,,0.8247091174125671,,,,,
6,24749,,0.8435505032539368,,,,,
6,24799,,0.8073120713233948,,,,,
6,24849,,0.837973952293396,,,,,
6,24899,,0.7994226217269897,,,,,
6,24949,,0.8538280129432678,,,,,
6,24999,,0.8086433410644531,,,,,
6,25049,,0.8278197050094604,,,,,
6,25099,,0.797184407711029,,,,,
6,25149,,0.8346161842346191,,,,,
6,25199,,0.8486071825027466,,,,,
6,25249,,0.8207797408103943,,,,,
6,25299,,0.811652421951294,,,,,
6,25349,,0.8405272960662842,,,,,
6,25399,,0.8020533919334412,,,,,
6,25449,,0.8126752972602844,,,,,
6,25499,,0.7601820230484009,,,,,
6,25549,,0.8144850730895996,,,,,
6,25599,,0.8517526984214783,,,,,
6,25649,,0.810135543346405,,,,,
6,25699,,0.9062929153442383,,,,,
6,25749,,0.841499924659729,,,,,
6,25787,,,0.6962272524833679,8.70539665222168,0.9351329207420349,1.1480320692062378,0.9351329207420349
6,25787,0.8265684843063354,,,,,,
7,25799,,0.7914508581161499,,,,,
7,25849,,0.7934848070144653,,,,,
7,25899,,0.749252200126648,,,,,
7,25949,,0.8059907555580139,,,,,
7,25999,,0.8524340391159058,,,,,
7,26049,,0.8358821272850037,,,,,
7,26099,,0.8242213726043701,,,,,
7,26149,,0.8258649706840515,,,,,
7,26199,,0.8145755529403687,,,,,
7,26249,,0.8256778717041016,,,,,
7,26299,,0.819172203540802,,,,,
7,26349,,0.8202787041664124,,,,,
7,26399,,0.836152970790863,,,,,
7,26449,,0.8406442999839783,,,,,
7,26499,,0.8049196600914001,,,,,
7,26549,,0.8219501972198486,,,,,
7,26599,,0.7798858880996704,,,,,
7,26649,,0.8139888048171997,,,,,
7,26699,,0.8108274936676025,,,,,
7,26749,,0.7402428388595581,,,,,
7,26799,,0.8245943188667297,,,,,
7,26849,,0.7956185936927795,,,,,
7,26899,,0.8673079013824463,,,,,
7,26949,,0.7513413429260254,,,,,
7,26999,,0.8165879845619202,,,,,
7,27049,,0.8238181471824646,,,,,
7,27099,,0.8216550350189209,,,,,
7,27149,,0.8197691440582275,,,,,
7,27199,,0.788239061832428,,,,,
7,27249,,0.8781822919845581,,,,,
7,27299,,0.8199635744094849,,,,,
7,27349,,0.8102059960365295,,,,,
7,27399,,0.840146541595459,,,,,
7,27449,,0.7904557585716248,,,,,
7,27499,,0.8006682991981506,,,,,
7,27549,,0.7680557370185852,,,,,
7,27599,,0.8540529012680054,,,,,
7,27649,,0.8632991909980774,,,,,
7,27699,,0.8902369737625122,,,,,
7,27749,,0.7970138192176819,,,,,
7,27799,,0.8927610516548157,,,,,
7,27849,,0.7789125442504883,,,,,
7,27899,,0.7942599058151245,,,,,
7,27949,,0.8344964385032654,,,,,
7,27999,,0.793172299861908,,,,,
7,28049,,0.7569468021392822,,,,,
7,28099,,0.8899389505386353,,,,,
7,28149,,0.8368905186653137,,,,,
7,28199,,0.7960144281387329,,,,,
7,28249,,0.8123080134391785,,,,,
7,28299,,0.8142974376678467,,,,,
7,28349,,0.8475972414016724,,,,,
7,28399,,0.8618976473808289,,,,,
7,28449,,0.8205713033676147,,,,,
7,28499,,0.8529516458511353,,,,,
7,28549,,0.8203846216201782,,,,,
7,28599,,0.8586050868034363,,,,,
7,28649,,0.8956472277641296,,,,,
7,28699,,0.7826701402664185,,,,,
7,28749,,0.8398712277412415,,,,,
7,28799,,0.8016994595527649,,,,,
7,28849,,0.8215847611427307,,,,,
7,28899,,0.8272829651832581,,,,,
7,28949,,0.758560299873352,,,,,
7,28999,,0.7935142517089844,,,,,
7,29049,,0.8117603659629822,,,,,
7,29099,,0.8826679587364197,,,,,
7,29149,,0.8037434816360474,,,,,
7,29199,,0.8105065226554871,,,,,
7,29249,,0.8191741108894348,,,,,
7,29299,,0.7685905694961548,,,,,
7,29349,,0.8231837749481201,,,,,
7,29399,,0.8294287323951721,,,,,
7,29449,,0.8123876452445984,,,,,
7,29471,,,0.6951004862785339,9.263124465942383,0.9331624507904053,1.1414551734924316,0.9331624507904053
7,29471,0.8264610767364502,,,,,,
8,29499,,0.8562121987342834,,,,,
8,29549,,0.8501336574554443,,,,,
8,29599,,0.8160656094551086,,,,,
8,29649,,0.805396556854248,,,,,
8,29699,,0.8164982199668884,,,,,
8,29749,,0.8175798058509827,,,,,
8,29799,,0.8551439642906189,,,,,
8,29849,,0.7889601588249207,,,,,
8,29899,,0.8485502004623413,,,,,
8,29949,,0.8066781759262085,,,,,
8,29999,,0.7903144955635071,,,,,
8,30049,,0.8130011558532715,,,,,
8,30099,,0.8250805735588074,,,,,
8,30149,,0.8052377104759216,,,,,
8,30199,,0.9120612144470215,,,,,
8,30249,,0.8157070279121399,,,,,
8,30299,,0.853162944316864,,,,,
8,30349,,0.7797198295593262,,,,,
8,30399,,0.8478221893310547,,,,,
8,30449,,0.7979514598846436,,,,,
8,30499,,0.8382489085197449,,,,,
8,30549,,0.8547770380973816,,,,,
8,30599,,0.838185727596283,,,,,
8,30649,,0.807115375995636,,,,,
8,30699,,0.8050367832183838,,,,,
8,30749,,0.8791642785072327,,,,,
8,30799,,0.8083103895187378,,,,,
8,30849,,0.8776199221611023,,,,,
8,30899,,0.8414697647094727,,,,,
8,30949,,0.8743130564689636,,,,,
8,30999,,0.7790069580078125,,,,,
8,31049,,0.837361752986908,,,,,
8,31099,,0.8243207931518555,,,,,
8,31149,,0.8033987879753113,,,,,
8,31199,,0.8528602719306946,,,,,
8,31249,,0.8194275498390198,,,,,
8,31299,,0.8524987697601318,,,,,
8,31349,,0.8257596492767334,,,,,
8,31399,,0.849502444267273,,,,,
8,31449,,0.8095214366912842,,,,,
8,31499,,0.7762373089790344,,,,,
8,31549,,0.7657994031906128,,,,,
8,31599,,0.8278931975364685,,,,,
8,31649,,0.7821138501167297,,,,,
8,31699,,0.8035738468170166,,,,,
8,31749,,0.7813928723335266,,,,,
8,31799,,0.7534483671188354,,,,,
8,31849,,0.7801105976104736,,,,,
8,31899,,0.9193869829177856,,,,,
8,31949,,0.8409360647201538,,,,,
8,31999,,0.8838632702827454,,,,,
8,32049,,0.7922795414924622,,,,,
8,32099,,0.811801552772522,,,,,
8,32149,,0.8404768705368042,,,,,
8,32199,,0.834505558013916,,,,,
8,32249,,0.7635722756385803,,,,,
8,32299,,0.8858067989349365,,,,,
8,32349,,0.7565733790397644,,,,,
8,32399,,0.8155385851860046,,,,,
8,32449,,0.8439822196960449,,,,,
8,32499,,0.8324795961380005,,,,,
8,32549,,0.8264654278755188,,,,,
8,32599,,0.8936035633087158,,,,,
8,32649,,0.8326654434204102,,,,,
8,32699,,0.8324538469314575,,,,,
8,32749,,0.8262832164764404,,,,,
8,32799,,0.828053891658783,,,,,
8,32849,,0.8130339980125427,,,,,
8,32899,,0.8154025077819824,,,,,
8,32949,,0.8642285466194153,,,,,
8,32999,,0.8367300629615784,,,,,
8,33049,,0.816828727722168,,,,,
8,33099,,0.8904768228530884,,,,,
8,33149,,0.8105570673942566,,,,,
8,33155,,,0.6957438588142395,8.94077205657959,0.9354772567749023,1.1441667079925537,0.9354772567749023
8,33155,0.8263513445854187,,,,,,
9,33199,,0.8714011311531067,,,,,
9,33249,,0.8077718615531921,,,,,
9,33299,,0.848814845085144,,,,,
9,33349,,0.8303999304771423,,,,,
9,33399,,0.7732914090156555,,,,,
9,33449,,0.8680210113525391,,,,,
9,33499,,0.8663309216499329,,,,,
9,33549,,0.8465580940246582,,,,,
9,33599,,0.8301702737808228,,,,,
9,33649,,0.8347921967506409,,,,,
9,33699,,0.8786407113075256,,,,,
9,33749,,0.7965714931488037,,,,,
9,33799,,0.8133284449577332,,,,,
9,33849,,0.7964785099029541,,,,,
9,33899,,0.8174633383750916,,,,,
9,33949,,0.8336144089698792,,,,,
9,33999,,0.7814737558364868,,,,,
9,34049,,0.7765038013458252,,,,,
9,34099,,0.8696862459182739,,,,,
9,34149,,0.82277512550354,,,,,
9,34199,,0.837634801864624,,,,,
9,34249,,0.7971946597099304,,,,,
9,34299,,0.8108059763908386,,,,,
9,34349,,0.8567962050437927,,,,,
9,34399,,0.7567244172096252,,,,,
9,34449,,0.7925161123275757,,,,,
9,34499,,0.7820795774459839,,,,,
9,34549,,0.9289529323577881,,,,,
9,34599,,0.8481178879737854,,,,,
9,34649,,0.7739822864532471,,,,,
9,34699,,0.8472709059715271,,,,,
9,34749,,0.8246859908103943,,,,,
9,34799,,0.8498727083206177,,,,,
9,34849,,0.8044678568840027,,,,,
9,34899,,0.8117672204971313,,,,,
9,34949,,0.7705633044242859,,,,,
9,34999,,0.8567605018615723,,,,,
9,35049,,0.8150324821472168,,,,,
9,35099,,0.8216831088066101,,,,,
9,35149,,0.8507749438285828,,,,,
9,35199,,0.7908993363380432,,,,,
9,35249,,0.8443007469177246,,,,,
9,35299,,0.7769900560379028,,,,,
9,35349,,0.8408259749412537,,,,,
9,35399,,0.8378555774688721,,,,,
9,35449,,0.8227456212043762,,,,,
9,35499,,0.8261107206344604,,,,,
9,35549,,0.8776916861534119,,,,,
9,35599,,0.8250842690467834,,,,,
9,35649,,0.8249289989471436,,,,,
9,35699,,0.8227918744087219,,,,,
9,35749,,0.7876035571098328,,,,,
9,35799,,0.810944139957428,,,,,
9,35849,,0.865429699420929,,,,,
9,35899,,0.8584848642349243,,,,,
9,35949,,0.8053699135780334,,,,,
9,35999,,0.8675771951675415,,,,,
9,36049,,0.8122610449790955,,,,,
9,36099,,0.7582187652587891,,,,,
9,36149,,0.8067440390586853,,,,,
9,36199,,0.8202255368232727,,,,,
9,36249,,0.7994174957275391,,,,,
9,36299,,0.8594040274620056,,,,,
9,36349,,0.8647610545158386,,,,,
9,36399,,0.8297211527824402,,,,,
9,36449,,0.8012084364891052,,,,,
9,36499,,0.8069921731948853,,,,,
9,36549,,0.825963020324707,,,,,
9,36599,,0.7966643571853638,,,,,
9,36649,,0.815091609954834,,,,,
9,36699,,0.8275514245033264,,,,,
9,36749,,0.8679295778274536,,,,,
9,36799,,0.8340798616409302,,,,,
9,36839,,,0.6972857713699341,8.601303100585938,0.9379255175590515,1.1479977369308472,0.9379255175590515
9,36839,0.826433002948761,,,,,,
10,36849,,0.7807735204696655,,,,,
10,36899,,0.8467893004417419,,,,,
10,36949,,0.8349586129188538,,,,,
10,36999,,0.8145406246185303,,,,,
10,37049,,0.8690901398658752,,,,,
10,37099,,0.7860745191574097,,,,,
10,37149,,0.8924744129180908,,,,,
10,37199,,0.8454906940460205,,,,,
10,37249,,0.8316642045974731,,,,,
10,37299,,0.8232304453849792,,,,,
10,37349,,0.881169855594635,,,,,
10,37399,,0.8406662344932556,,,,,
10,37449,,0.8119051456451416,,,,,
10,37499,,0.7760909199714661,,,,,
10,37549,,0.830777645111084,,,,,
10,37599,,0.9689427614212036,,,,,
10,37649,,0.8333774209022522,,,,,
10,37699,,0.7842578291893005,,,,,
10,37749,,0.7979224920272827,,,,,
10,37799,,0.8889985084533691,,,,,
10,37849,,0.81109619140625,,,,,
10,37899,,0.8332222700119019,,,,,
10,37949,,0.7688935399055481,,,,,
10,37999,,0.8437603712081909,,,,,
10,38049,,0.8219624757766724,,,,,
10,38099,,0.8011490702629089,,,,,
10,38149,,0.8367735147476196,,,,,
10,38199,,0.7994412183761597,,,,,
10,38249,,0.8038590550422668,,,,,
10,38299,,0.7971109747886658,,,,,
10,38349,,0.8159449696540833,,,,,
10,38399,,0.814746081829071,,,,,
10,38449,,0.802479088306427,,,,,
10,38499,,0.8502302169799805,,,,,
10,38549,,0.8077825903892517,,,,,
10,38599,,0.8371251821517944,,,,,
10,38649,,0.8113847970962524,,,,,
10,38699,,0.8092808127403259,,,,,
10,38749,,0.789804220199585,,,,,
10,38799,,0.8696691989898682,,,,,
10,38849,,0.7914624214172363,,,,,
10,38899,,0.855481743812561,,,,,
10,38949,,0.8289607167243958,,,,,
10,38999,,0.8061160445213318,,,,,
10,39049,,0.8478714823722839,,,,,
10,39099,,0.8777813911437988,,,,,
10,39149,,0.8295851945877075,,,,,
10,39199,,0.8129523396492004,,,,,
10,39249,,0.8228231072425842,,,,,
10,39299,,0.7610533833503723,,,,,
10,39349,,0.8292790651321411,,,,,
10,39399,,0.819487452507019,,,,,
10,39449,,0.7767601013183594,,,,,
10,39499,,0.8004707098007202,,,,,
10,39549,,0.8786395192146301,,,,,
10,39599,,0.8560612201690674,,,,,
10,39649,,0.8698842525482178,,,,,
10,39699,,0.9065320491790771,,,,,
10,39749,,0.8763073086738586,,,,,
10,39799,,0.7817403078079224,,,,,
10,39849,,0.81707763671875,,,,,
10,39899,,0.8202069401741028,,,,,
10,39949,,0.7730380892753601,,,,,
10,39999,,0.8429645299911499,,,,,
10,40049,,0.8129402995109558,,,,,
10,40099,,0.7946006059646606,,,,,
10,40149,,0.866879403591156,,,,,
10,40199,,0.7975335717201233,,,,,
10,40249,,0.8742759227752686,,,,,
10,40299,,0.8302351832389832,,,,,
10,40349,,0.7982818484306335,,,,,
10,40399,,0.8564141392707825,,,,,
10,40449,,0.8300088047981262,,,,,
10,40499,,0.7608981728553772,,,,,
10,40523,,,0.6977024674415588,8.784282684326172,0.9368383288383484,1.1453717947006226,0.9368383288383484
10,40523,0.8263983130455017,,,,,,
11,40549,,0.8161118626594543,,,,,
11,40599,,0.9323970079421997,,,,,
11,40649,,0.8417482376098633,,,,,
11,40699,,0.8490949273109436,,,,,
11,40749,,0.8434213995933533,,,,,
11,40799,,0.8804413080215454,,,,,
11,40849,,0.770523190498352,,,,,
11,40899,,0.8320766091346741,,,,,
11,40949,,0.8896298408508301,,,,,
11,40999,,0.7817700505256653,,,,,
11,41049,,0.7829391956329346,,,,,
11,41099,,0.8190017938613892,,,,,
11,41149,,0.826255738735199,,,,,
11,41199,,0.8342664837837219,,,,,
11,41249,,0.830301821231842,,,,,
11,41299,,0.7981124520301819,,,,,
11,41349,,0.8830646872520447,,,,,
11,41399,,0.8372647166252136,,,,,
11,41449,,0.8690041899681091,,,,,
11,41499,,0.8046642541885376,,,,,
11,41549,,0.8596676588058472,,,,,
11,41599,,0.8848122954368591,,,,,
11,41649,,0.7967358231544495,,,,,
11,41699,,0.8185433149337769,,,,,
11,41749,,0.8056101202964783,,,,,
11,41799,,0.8491445779800415,,,,,
11,41849,,0.7995261549949646,,,,,
11,41899,,0.8173481822013855,,,,,
11,41949,,0.8224262595176697,,,,,
11,41999,,0.8407475352287292,,,,,
11,42049,,0.8109691739082336,,,,,
11,42099,,0.7794564366340637,,,,,
11,42149,,0.8211619853973389,,,,,
11,42199,,0.7878066897392273,,,,,
11,42249,,0.8408995866775513,,,,,
11,42299,,0.785735011100769,,,,,
11,42349,,0.8404930233955383,,,,,
11,42399,,0.8189340829849243,,,,,
11,42449,,0.814908504486084,,,,,
11,42499,,0.7892299294471741,,,,,
11,42549,,0.8143085241317749,,,,,
11,42599,,0.8070496320724487,,,,,
11,42649,,0.794696033000946,,,,,
11,42699,,0.8452492952346802,,,,,
11,42749,,0.8584486842155457,,,,,
11,42799,,0.7938225269317627,,,,,
11,42849,,0.8547086119651794,,,,,
11,42899,,0.8581880927085876,,,,,
11,42949,,0.816523551940918,,,,,
11,42999,,1.0041934251785278,,,,,
11,43049,,0.8600450754165649,,,,,
11,43099,,0.8504145741462708,,,,,
11,43149,,0.864214301109314,,,,,
11,43199,,0.7955883741378784,,,,,
11,43249,,0.8014594912528992,,,,,
11,43299,,0.8415939807891846,,,,,
11,43349,,0.8249857425689697,,,,,
11,43399,,0.7907595038414001,,,,,
11,43449,,0.8213755488395691,,,,,
11,43499,,0.8192518949508667,,,,,
11,43549,,0.823309600353241,,,,,
11,43599,,0.8462092280387878,,,,,
11,43649,,0.8520839810371399,,,,,
11,43699,,0.8240531086921692,,,,,
11,43749,,0.8425309062004089,,,,,
11,43799,,0.8230252265930176,,,,,
11,43849,,0.7938708066940308,,,,,
11,43899,,0.8845066428184509,,,,,
11,43949,,0.8316566348075867,,,,,
11,43999,,0.8093361258506775,,,,,
11,44049,,0.8589773178100586,,,,,
11,44099,,0.818676233291626,,,,,
11,44149,,0.8400744199752808,,,,,
11,44199,,0.7941563725471497,,,,,
11,44207,,,0.6965819597244263,8.575550079345703,0.9347768425941467,1.1438862085342407,0.9347768425941467
11,44207,0.8263295888900757,,,,,,
12,44249,,0.7781914472579956,,,,,
12,44299,,0.7952201962471008,,,,,
12,44349,,0.7677313685417175,,,,,
12,44399,,0.822990357875824,,,,,
12,44449,,0.8696587681770325,,,,,
12,44499,,0.858402669429779,,,,,
12,44549,,0.8783325552940369,,,,,
12,44599,,0.8485733270645142,,,,,
12,44649,,0.848192572593689,,,,,
12,44699,,0.7981736063957214,,,,,
12,44749,,0.8461065292358398,,,,,
12,44799,,0.7962182760238647,,,,,
12,44849,,0.8051518797874451,,,,,
12,44899,,0.8491783142089844,,,,,
12,44949,,0.7566081285476685,,,,,
12,44999,,0.8265446424484253,,,,,
12,45049,,0.767962634563446,,,,,
12,45099,,0.8661673665046692,,,,,
12,45149,,0.823835551738739,,,,,
12,45199,,0.7929790616035461,,,,,
12,45249,,0.8376995921134949,,,,,
12,45299,,0.8651924729347229,,,,,
12,45349,,0.8184792995452881,,,,,
12,45399,,0.8350178599357605,,,,,
12,45449,,0.8257951736450195,,,,,
12,45499,,0.8295354247093201,,,,,
12,45549,,0.8303332924842834,,,,,
12,45599,,0.8416504263877869,,,,,
12,45649,,0.8085349798202515,,,,,
12,45699,,0.8401718735694885,,,,,
12,45749,,0.8299508690834045,,,,,
12,45799,,0.7657493352890015,,,,,
12,45849,,0.8195063471794128,,,,,
12,45899,,0.7997670769691467,,,,,
12,45949,,0.9563459753990173,,,,,
12,45999,,0.8600654006004333,,,,,
12,46049,,0.824832022190094,,,,,
12,46099,,0.7958685159683228,,,,,
12,46149,,0.8143564462661743,,,,,
12,46199,,0.8239625096321106,,,,,
12,46249,,0.8598393201828003,,,,,
12,46299,,0.9075877666473389,,,,,
12,46349,,0.735803484916687,,,,,
12,46399,,0.8517089486122131,,,,,
12,46449,,0.8449002504348755,,,,,
12,46499,,0.8507018089294434,,,,,
12,46549,,0.8326216340065002,,,,,
12,46599,,0.8284956812858582,,,,,
12,46649,,0.8203241229057312,,,,,
12,46699,,0.8178965449333191,,,,,
12,46749,,0.8094896674156189,,,,,
12,46799,,0.8089979290962219,,,,,
12,46849,,0.8278805017471313,,,,,
12,46899,,0.8101399540901184,,,,,
12,46949,,0.7776277661323547,,,,,
12,46999,,0.8473930954933167,,,,,
12,47049,,0.8211321234703064,,,,,
12,47099,,0.798524022102356,,,,,
12,47149,,0.7777284383773804,,,,,
12,47199,,0.8392014503479004,,,,,
12,47249,,0.7961326837539673,,,,,
12,47299,,0.8384788036346436,,,,,
12,47349,,0.8876174688339233,,,,,
12,47399,,0.8515176177024841,,,,,
12,47449,,0.8483616709709167,,,,,
12,47499,,0.840586245059967,,,,,
12,47549,,0.8503844141960144,,,,,
12,47599,,0.8620515465736389,,,,,
12,47649,,0.8289926648139954,,,,,
12,47699,,0.8786476254463196,,,,,
12,47749,,0.8657144904136658,,,,,
12,47799,,0.8588857054710388,,,,,
12,47849,,0.8377508521080017,,,,,
12,47891,,,0.6964847445487976,8.694522857666016,0.9360906481742859,1.1436468362808228,0.9360906481742859
12,47891,0.8261933326721191,,,,,,
13,47899,,0.848951518535614,,,,,
13,47949,,0.8685572743415833,,,,,
13,47999,,0.8064544200897217,,,,,
13,48049,,0.8173760175704956,,,,,
13,48099,,0.8057374358177185,,,,,
13,48149,,0.8441681861877441,,,,,
13,48199,,0.8346021771430969,,,,,
13,48249,,0.8527535796165466,,,,,
13,48299,,0.8180946707725525,,,,,
13,48349,,0.8026924133300781,,,,,
13,48399,,0.8355945944786072,,,,,
13,48449,,0.8379406929016113,,,,,
13,48499,,0.7834497094154358,,,,,
13,48549,,0.8420941829681396,,,,,
13,48599,,0.8417421579360962,,,,,
13,48649,,0.8283807039260864,,,,,
13,48699,,0.8010653257369995,,,,,
13,48749,,0.8460598587989807,,,,,
13,48799,,0.8280022144317627,,,,,
13,48849,,0.8352713584899902,,,,,
13,48899,,0.8273659944534302,,,,,
13,48949,,0.8485504984855652,,,,,
13,48999,,0.8900447487831116,,,,,
13,49049,,0.8783025145530701,,,,,
13,49099,,0.8829340934753418,,,,,
13,49149,,0.8442388772964478,,,,,
13,49199,,0.8565730452537537,,,,,
13,49249,,0.8538153767585754,,,,,
13,49299,,0.8008816242218018,,,,,
13,49349,,0.7834678292274475,,,,,
13,49399,,0.7843795418739319,,,,,
13,49449,,0.8751327395439148,,,,,
13,49499,,0.8158771395683289,,,,,
13,49549,,0.7811530232429504,,,,,
13,49599,,0.8690710067749023,,,,,
13,49649,,0.8351905345916748,,,,,
13,49699,,0.8486797213554382,,,,,
13,49749,,0.7969732880592346,,,,,
13,49799,,0.7871416211128235,,,,,
13,49849,,0.8066285848617554,,,,,
13,49899,,0.8658901453018188,,,,,
13,49949,,0.8209043145179749,,,,,
13,49999,,0.8113025426864624,,,,,
13,50049,,0.8241614103317261,,,,,
13,50099,,0.8240476846694946,,,,,
13,50149,,0.809238851070404,,,,,
13,50199,,0.8386924266815186,,,,,
13,50249,,0.8148655295372009,,,,,
13,50299,,0.8077530860900879,,,,,
13,50349,,0.9066402912139893,,,,,
13,50399,,0.8125756978988647,,,,,
13,50449,,0.8692077398300171,,,,,
13,50499,,0.857310950756073,,,,,
13,50549,,0.8083962202072144,,,,,
13,50599,,0.801821768283844,,,,,
13,50649,,0.871473491191864,,,,,
13,50699,,0.8122159242630005,,,,,
13,50749,,0.7854841351509094,,,,,
13,50799,,0.7931796908378601,,,,,
13,50849,,0.8772099614143372,,,,,
13,50899,,0.7783412337303162,,,,,
13,50949,,0.8281018733978271,,,,,
13,50999,,0.8270716667175293,,,,,
13,51049,,0.8626301288604736,,,,,
13,51099,,0.8687835931777954,,,,,
13,51149,,0.8195533752441406,,,,,
13,51199,,0.7864930033683777,,,,,
13,51249,,0.8047996759414673,,,,,
13,51299,,0.8902269005775452,,,,,
13,51349,,0.8197923302650452,,,,,
13,51399,,0.810835599899292,,,,,
13,51449,,0.8539482951164246,,,,,
13,51499,,0.8336590528488159,,,,,
13,51549,,0.8619316816329956,,,,,
13,51575,,,0.6939979195594788,8.459577560424805,0.932796835899353,1.1447491645812988,0.932796835899353
13,51575,0.8262147307395935,,,,,,
14,51599,,0.7762132287025452,,,,,
14,51649,,0.8163939714431763,,,,,
14,51699,,0.9078864455223083,,,,,
14,51749,,0.8018643260002136,,,,,
14,51799,,0.812254011631012,,,,,
14,51849,,0.7679383754730225,,,,,
14,51899,,0.8333229422569275,,,,,
14,51949,,0.8766010999679565,,,,,
14,51999,,0.8156329393386841,,,,,
14,52049,,0.8204018473625183,,,,,
14,52099,,0.818386971950531,,,,,
14,52149,,0.8239988684654236,,,,,
14,52199,,0.8739869594573975,,,,,
14,52249,,0.7756495475769043,,,,,
14,52299,,0.8413135409355164,,,,,
14,52349,,0.8716839551925659,,,,,
14,52399,,0.8304445147514343,,,,,
14,52449,,0.8076881170272827,,,,,
14,52499,,0.8213081359863281,,,,,
14,52549,,0.850402295589447,,,,,
14,52599,,0.7915578484535217,,,,,
14,52649,,0.8361717462539673,,,,,
14,52699,,0.8240255117416382,,,,,
14,52749,,0.8003661036491394,,,,,
14,52799,,0.7663465738296509,,,,,
14,52849,,0.8022273182868958,,,,,
14,52899,,0.8140162229537964,,,,,
14,52949,,0.8280074596405029,,,,,
14,52999,,0.786268413066864,,,,,
14,53049,,0.8492138385772705,,,,,
14,53099,,0.804044246673584,,,,,
14,53149,,0.8179476261138916,,,,,
14,53199,,0.7634720206260681,,,,,
14,53249,,0.8388637900352478,,,,,
14,53299,,0.7820671200752258,,,,,
14,53349,,0.8654171228408813,,,,,
14,53399,,0.8304027915000916,,,,,
14,53449,,0.8140271306037903,,,,,
14,53499,,0.8209124803543091,,,,,
14,53549,,0.8494564294815063,,,,,
14,53599,,0.7968528270721436,,,,,
14,53649,,0.8474718928337097,,,,,
14,53699,,0.7959151268005371,,,,,
14,53749,,0.807033121585846,,,,,
14,53799,,0.82770836353302,,,,,
14,53849,,0.7810791730880737,,,,,
14,53899,,0.8490633368492126,,,,,
14,53949,,0.7679673433303833,,,,,
14,53999,,0.8454208970069885,,,,,
14,54049,,0.8138970136642456,,,,,
14,54099,,0.8078244924545288,,,,,
14,54149,,0.8434110879898071,,,,,
14,54199,,0.8407759666442871,,,,,
14,54249,,0.8529889583587646,,,,,
14,54299,,0.8381592035293579,,,,,
14,54349,,0.7970274090766907,,,,,
14,54399,,0.8371419310569763,,,,,
14,54449,,0.8669047355651855,,,,,
14,54499,,0.827504575252533,,,,,
14,54549,,0.8768498301506042,,,,,
14,54599,,0.8175907731056213,,,,,
14,54649,,0.8309996724128723,,,,,
14,54699,,0.8114896416664124,,,,,
14,54749,,0.746058464050293,,,,,
14,54799,,0.8502336144447327,,,,,
14,54849,,0.7905935645103455,,,,,
14,54899,,0.839661180973053,,,,,
14,54949,,0.8095888495445251,,,,,
14,54999,,0.8075523972511292,,,,,
14,55049,,0.8487707376480103,,,,,
14,55099,,0.7982118129730225,,,,,
14,55149,,0.8821073174476624,,,,,
14,55199,,0.8638190627098083,,,,,
14,55249,,0.8886260986328125,,,,,
14,55259,,,0.6963117122650146,8.718145370483398,0.9357137680053711,1.1462910175323486,0.9357137680053711
14,55259,0.8250241279602051,,,,,,
15,55299,,0.8257955312728882,,,,,
15,55349,,0.8335072994232178,,,,,
15,55399,,0.8240898847579956,,,,,
15,55449,,0.8254172205924988,,,,,
15,55499,,0.8202130794525146,,,,,
15,55549,,0.8185216188430786,,,,,
15,55599,,0.8424203991889954,,,,,
15,55649,,0.9481786489486694,,,,,
15,55699,,0.824425458908081,,,,,
15,55749,,0.8548040390014648,,,,,
15,55799,,0.8127797245979309,,,,,
15,55849,,0.8498319983482361,,,,,
15,55899,,0.8562609553337097,,,,,
15,55949,,0.8260574340820312,,,,,
15,55999,,0.7959005236625671,,,,,
15,56049,,0.8349064588546753,,,,,
15,56099,,0.8074658513069153,,,,,
15,56149,,0.8157504796981812,,,,,
15,56199,,0.8265874981880188,,,,,
15,56249,,0.80539870262146,,,,,
15,56299,,0.8210840225219727,,,,,
15,56349,,0.7996504902839661,,,,,
15,56399,,0.8714020252227783,,,,,
15,56449,,0.8540776968002319,,,,,
15,56499,,0.8031966686248779,,,,,
15,56549,,0.8004823327064514,,,,,
15,56599,,0.8254613876342773,,,,,
15,56649,,0.8811254501342773,,,,,
15,56699,,0.7744116187095642,,,,,
15,56749,,0.8440195322036743,,,,,
15,56799,,0.8171747922897339,,,,,
15,56849,,0.8524747490882874,,,,,
15,56899,,0.7946657538414001,,,,,
15,56949,,0.7404784560203552,,,,,
15,56999,,0.8106346130371094,,,,,
15,57049,,0.8237771391868591,,,,,
15,57099,,0.8990324139595032,,,,,
15,57149,,0.7990036606788635,,,,,
15,57199,,0.8095329403877258,,,,,
15,57249,,0.8462955355644226,,,,,
15,57299,,0.7875621318817139,,,,,
15,57349,,0.7902665138244629,,,,,
15,57399,,0.8173606395721436,,,,,
15,57449,,0.8471401929855347,,,,,
15,57499,,0.8162769079208374,,,,,
15,57549,,0.8265653252601624,,,,,
15,57599,,0.8231294751167297,,,,,
15,57649,,0.8126115798950195,,,,,
15,57699,,0.8606098890304565,,,,,
15,57749,,0.8291044235229492,,,,,
15,57799,,0.8235043287277222,,,,,
15,57849,,0.8461853861808777,,,,,
15,57899,,0.8191136717796326,,,,,
15,57949,,0.8186529278755188,,,,,
15,57999,,0.8135777711868286,,,,,
15,58049,,0.8052666187286377,,,,,
15,58099,,0.808523952960968,,,,,
15,58149,,0.8803262114524841,,,,,
15,58199,,0.796562910079956,,,,,
15,58249,,0.8417524099349976,,,,,
15,58299,,0.8680390119552612,,,,,
15,58349,,0.7976813316345215,,,,,
15,58399,,0.8699538111686707,,,,,
15,58449,,0.8917112350463867,,,,,
15,58499,,0.8083676695823669,,,,,
15,58549,,0.8014508485794067,,,,,
15,58599,,0.8557406067848206,,,,,
15,58649,,0.8122732639312744,,,,,
15,58699,,0.79585862159729,,,,,
15,58749,,0.823239266872406,,,,,
15,58799,,0.8044549822807312,,,,,
15,58849,,0.8421986103057861,,,,,
15,58899,,0.8450678586959839,,,,,
15,58943,,,0.6963673830032349,8.799415588378906,0.9348534941673279,1.1460583209991455,0.9348534941673279
15,58943,0.8249165415763855,,,,,,
16,58949,,0.8873268365859985,,,,,
16,58999,,0.8877532482147217,,,,,
16,59049,,0.8141043782234192,,,,,
16,59099,,0.8275988101959229,,,,,
16,59149,,0.8357090353965759,,,,,
16,59199,,0.8264437317848206,,,,,
16,59249,,0.8246712684631348,,,,,
16,59299,,0.8011764883995056,,,,,
16,59349,,0.8306090831756592,,,,,
16,59399,,0.8206160068511963,,,,,
16,59449,,0.8297774791717529,,,,,
16,59499,,0.854910671710968,,,,,
16,59549,,0.8458975553512573,,,,,
16,59599,,0.8037533164024353,,,,,
16,59649,,0.8682699799537659,,,,,
16,59699,,0.8209998607635498,,,,,
16,59749,,0.8214153051376343,,,,,
16,59799,,0.7762464284896851,,,,,
16,59849,,0.7792659401893616,,,,,
16,59899,,0.8052695393562317,,,,,
16,59949,,0.8287652730941772,,,,,
16,59999,,0.81913161277771,,,,,
16,60049,,0.8092074990272522,,,,,
16,60099,,0.8371664881706238,,,,,
16,60149,,0.832019567489624,,,,,
16,60199,,0.8124505281448364,,,,,
16,60249,,0.8209495544433594,,,,,
16,60299,,0.8264679908752441,,,,,
16,60349,,0.8170703649520874,,,,,
16,60399,,0.8452542424201965,,,,,
16,60449,,0.8363350033760071,,,,,
16,60499,,0.8369739055633545,,,,,
16,60549,,0.8225376009941101,,,,,
16,60599,,0.8242092132568359,,,,,
16,60649,,0.7983705401420593,,,,,
16,60699,,0.844933271408081,,,,,
16,60749,,0.899420440196991,,,,,
16,60799,,0.8328466415405273,,,,,
16,60849,,0.7837265133857727,,,,,
16,60899,,0.8023313283920288,,,,,
16,60949,,0.845784604549408,,,,,
16,60999,,0.8689969182014465,,,,,
16,61049,,0.8380327224731445,,,,,
16,61099,,0.8404625654220581,,,,,
16,61149,,0.8365431427955627,,,,,
16,61199,,0.8320056200027466,,,,,
16,61249,,0.8987215757369995,,,,,
16,61299,,0.8407493233680725,,,,,
16,61349,,0.8070189356803894,,,,,
16,61399,,0.8122294545173645,,,,,
16,61449,,0.8138185739517212,,,,,
16,61499,,0.8099467158317566,,,,,
16,61549,,0.8142103552818298,,,,,
16,61599,,0.8403005003929138,,,,,
16,61649,,0.8098414540290833,,,,,
16,61699,,0.8342505693435669,,,,,
16,61749,,0.8203491568565369,,,,,
16,61799,,0.7895481586456299,,,,,
16,61849,,0.7938609719276428,,,,,
16,61899,,0.8329395651817322,,,,,
16,61949,,0.8454785943031311,,,,,
16,61999,,0.8255124092102051,,,,,
16,62049,,0.8093886971473694,,,,,
16,62099,,0.8097302913665771,,,,,
16,62149,,0.8264980316162109,,,,,
16,62199,,0.7949221134185791,,,,,
16,62249,,0.8250305652618408,,,,,
16,62299,,0.8679114580154419,,,,,
16,62349,,0.8388787508010864,,,,,
16,62399,,0.8283473253250122,,,,,
16,62449,,0.8208407759666443,,,,,
16,62499,,0.7993052005767822,,,,,
16,62549,,0.7768585681915283,,,,,
16,62599,,0.7677446007728577,,,,,
16,62627,,,0.6979835033416748,8.741987228393555,0.939104437828064,1.1477431058883667,0.939104437828064
16,62627,0.8248070478439331,,,,,,
17,62649,,0.798011302947998,,,,,
17,62699,,0.8382989764213562,,,,,
17,62749,,0.7950730323791504,,,,,
17,62799,,0.8113102912902832,,,,,
17,62849,,0.8464401960372925,,,,,
17,62899,,0.7990982532501221,,,,,
17,62949,,0.795087993144989,,,,,
17,62999,,0.8334292769432068,,,,,
17,63049,,0.8185838460922241,,,,,
17,63099,,0.8432190418243408,,,,,
17,63149,,0.7893123030662537,,,,,
17,63199,,0.8049877882003784,,,,,
17,63249,,0.8476252555847168,,,,,
17,63299,,0.7971603870391846,,,,,
17,63349,,0.8225163817405701,,,,,
17,63399,,0.875758171081543,,,,,
17,63449,,0.8604756593704224,,,,,
17,63499,,0.8453927040100098,,,,,
17,63549,,0.8247634768486023,,,,,
17,63599,,0.8500434160232544,,,,,
17,63649,,0.9082809090614319,,,,,
17,63699,,0.8003738522529602,,,,,
17,63749,,0.8175997138023376,,,,,
17,63799,,0.9410759210586548,,,,,
17,63849,,0.8335297107696533,,,,,
17,63899,,0.8093866109848022,,,,,
17,63949,,0.8288646340370178,,,,,
17,63999,,0.8338688015937805,,,,,
17,64049,,0.8449962735176086,,,,,
17,64099,,0.8385447263717651,,,,,
17,64149,,0.8183304667472839,,,,,
17,64199,,0.8123521208763123,,,,,
17,64249,,0.8207051753997803,,,,,
17,64299,,0.790823221206665,,,,,
17,64349,,0.8147813081741333,,,,,
17,64399,,0.781902015209198,,,,,
17,64449,,0.7847480177879333,,,,,
17,64499,,0.7885814905166626,,,,,
17,64549,,0.8294270634651184,,,,,
17,64599,,0.7614331841468811,,,,,
17,64649,,0.8262603282928467,,,,,
17,64699,,0.7685100436210632,,,,,
17,64749,,0.8107633590698242,,,,,
17,64799,,0.8502691984176636,,,,,
17,64849,,0.7898734211921692,,,,,
17,64899,,0.7933881282806396,,,,,
17,64949,,0.8752241730690002,,,,,
17,64999,,0.8222627639770508,,,,,
17,65049,,0.8577945828437805,,,,,
17,65099,,0.856109619140625,,,,,
17,65149,,0.8220579624176025,,,,,
17,65199,,0.8193314671516418,,,,,
17,65249,,0.9156398773193359,,,,,
17,65299,,0.8352690935134888,,,,,
17,65349,,0.8326885104179382,,,,,
17,65399,,0.8415964841842651,,,,,
17,65449,,0.8063263893127441,,,,,
17,65499,,0.8588910102844238,,,,,
17,65549,,0.83527010679245,,,,,
17,65599,,0.8180147409439087,,,,,
17,65649,,0.8877546191215515,,,,,
17,65699,,0.8680192828178406,,,,,
17,65749,,0.813357949256897,,,,,
17,65799,,0.7975272536277771,,,,,
17,65849,,0.8451470732688904,,,,,
17,65899,,0.7815394401550293,,,,,
17,65949,,0.83348548412323,,,,,
17,65999,,0.7896648049354553,,,,,
17,66049,,0.7595807909965515,,,,,
17,66099,,0.8313001990318298,,,,,
17,66149,,0.7895851731300354,,,,,
17,66199,,0.8233280777931213,,,,,
17,66249,,0.8035989999771118,,,,,
17,66299,,0.8186285495758057,,,,,
17,66311,,,0.6976744532585144,8.879829406738281,0.9377627372741699,1.1456657648086548,0.9377627372741699
17,66311,0.8248598575592041,,,,,,
18,66349,,0.8160720467567444,,,,,
18,66399,,0.829269289970398,,,,,
18,66449,,0.7694682478904724,,,,,
18,66499,,0.8397441506385803,,,,,
18,66549,,0.7839848399162292,,,,,
18,66599,,0.7909815311431885,,,,,
18,66649,,0.8981851935386658,,,,,
18,66699,,0.8023982048034668,,,,,
18,66749,,0.842216432094574,,,,,
18,66799,,0.8010920286178589,,,,,
18,66849,,0.8299055099487305,,,,,
18,66899,,0.8137425184249878,,,,,
18,66949,,0.7998244166374207,,,,,
18,66999,,0.8642359972000122,,,,,
18,67049,,0.8526363968849182,,,,,
18,67099,,0.817476212978363,,,,,
18,67149,,0.8154276609420776,,,,,
18,67199,,0.8407950401306152,,,,,
18,67249,,0.8101626634597778,,,,,
18,67299,,0.8521788120269775,,,,,
18,67349,,0.8301132917404175,,,,,
18,67399,,0.8392780423164368,,,,,
18,67449,,0.8387824892997742,,,,,
18,67499,,0.777042806148529,,,,,
18,67549,,0.8386984467506409,,,,,
18,67599,,0.865013599395752,,,,,
18,67649,,0.8638463616371155,,,,,
18,67699,,0.8127308487892151,,,,,
18,67749,,0.8181975483894348,,,,,
18,67799,,0.8102988600730896,,,,,
18,67849,,0.8119612336158752,,,,,
18,67899,,0.8093804717063904,,,,,
18,67949,,0.8129479289054871,,,,,
18,67999,,0.8291756510734558,,,,,
18,68049,,0.860508382320404,,,,,
18,68099,,0.8222195506095886,,,,,
18,68149,,0.7902034521102905,,,,,
18,68199,,0.8142295479774475,,,,,
18,68249,,0.8224146366119385,,,,,
18,68299,,0.885781466960907,,,,,
18,68349,,0.7844882607460022,,,,,
18,68399,,0.8356633186340332,,,,,
18,68449,,0.8096880316734314,,,,,
18,68499,,0.823580265045166,,,,,
18,68549,,0.7812501788139343,,,,,
18,68599,,0.8303225636482239,,,,,
18,68649,,0.7896566987037659,,,,,
18,68699,,0.8115530610084534,,,,,
18,68749,,0.8286577463150024,,,,,
18,68799,,0.7676025629043579,,,,,
18,68849,,0.8492075800895691,,,,,
18,68899,,0.8193345665931702,,,,,
18,68949,,0.8351420164108276,,,,,
18,68999,,0.8061912059783936,,,,,
18,69049,,0.8056371212005615,,,,,
18,69099,,0.8271738290786743,,,,,
18,69149,,0.7888213396072388,,,,,
18,69199,,0.8069312572479248,,,,,
18,69249,,0.8260144591331482,,,,,
18,69299,,0.7778076529502869,,,,,
18,69349,,0.8473032712936401,,,,,
18,69399,,0.8114491701126099,,,,,
18,69449,,0.8215967416763306,,,,,
18,69499,,0.7997409701347351,,,,,
18,69549,,0.8325644135475159,,,,,
18,69599,,0.8552650809288025,,,,,
18,69649,,0.8500543832778931,,,,,
18,69699,,0.8452998995780945,,,,,
18,69749,,0.8517434597015381,,,,,
18,69799,,0.8240606188774109,,,,,
18,69849,,0.8236857652664185,,,,,
18,69899,,0.829559326171875,,,,,
18,69949,,0.7801694869995117,,,,,
18,69995,,,0.6978511214256287,8.6344633102417,0.938818097114563,1.1473138332366943,0.938818097114563
18,69995,0.824813723564148,,,,,,
19,69999,,0.8538020849227905,,,,,
19,70049,,0.8564346432685852,,,,,
19,70099,,0.7887312769889832,,,,,
19,70149,,0.7980286478996277,,,,,
19,70199,,0.8514194488525391,,,,,
19,70249,,0.831812858581543,,,,,
19,70299,,0.8812260031700134,,,,,
19,70349,,0.7936785817146301,,,,,
19,70399,,0.8440228700637817,,,,,
19,70449,,0.8455230593681335,,,,,
19,70499,,0.8466591238975525,,,,,
19,70549,,0.8168845176696777,,,,,
19,70599,,0.8406282067298889,,,,,
19,70649,,0.8607549667358398,,,,,
19,70699,,0.8418094515800476,,,,,
19,70749,,0.8457177877426147,,,,,
19,70799,,0.8323302865028381,,,,,
19,70849,,0.8113613128662109,,,,,
19,70899,,0.8439251184463501,,,,,
19,70949,,0.8277570605278015,,,,,
19,70999,,0.8735588788986206,,,,,
19,71049,,0.8083105683326721,,,,,
19,71099,,0.8570966720581055,,,,,
19,71149,,0.786766767501831,,,,,
19,71199,,0.816484272480011,,,,,
19,71249,,0.775305986404419,,,,,
19,71299,,0.7999250888824463,,,,,
19,71349,,0.8596477508544922,,,,,
19,71399,,0.8293079137802124,,,,,
19,71449,,0.823149561882019,,,,,
19,71499,,0.8413201570510864,,,,,
19,71549,,0.8771942257881165,,,,,
19,71599,,0.7963705062866211,,,,,
19,71649,,0.8250488042831421,,,,,
19,71699,,0.8255751132965088,,,,,
19,71749,,0.8421200513839722,,,,,
19,71799,,0.8179954290390015,,,,,
19,71849,,0.7783229351043701,,,,,
19,71899,,0.8111304044723511,,,,,
19,71949,,0.8104060292243958,,,,,
19,71999,,0.8525419235229492,,,,,
19,72049,,0.8216769695281982,,,,,
19,72099,,0.8281594514846802,,,,,
19,72149,,0.8133726716041565,,,,,
19,72199,,0.8136716485023499,,,,,
19,72249,,0.849048376083374,,,,,
19,72299,,0.8004552125930786,,,,,
19,72349,,0.812035858631134,,,,,
19,72399,,0.8624459505081177,,,,,
19,72449,,0.7938653826713562,,,,,
19,72499,,0.8112713098526001,,,,,
19,72549,,0.8140242695808411,,,,,
19,72599,,0.8034063577651978,,,,,
19,72649,,0.806749701499939,,,,,
19,72699,,0.8746890425682068,,,,,
19,72749,,0.7961278557777405,,,,,
19,72799,,0.84124356508255,,,,,
19,72849,,0.8085651397705078,,,,,
19,72899,,0.8671474456787109,,,,,
19,72949,,0.8401782512664795,,,,,
19,72999,,0.8359753489494324,,,,,
19,73049,,0.8655242323875427,,,,,
19,73099,,0.8496402502059937,,,,,
19,73149,,0.8202133178710938,,,,,
19,73199,,0.8262628316879272,,,,,
19,73249,,0.8571085333824158,,,,,
19,73299,,0.8768595457077026,,,,,
19,73349,,0.8768427968025208,,,,,
19,73399,,0.8862379193305969,,,,,
19,73449,,0.819856584072113,,,,,
19,73499,,0.8460985422134399,,,,,
19,73549,,0.7422760128974915,,,,,
19,73599,,0.8911704421043396,,,,,
19,73649,,0.7945513129234314,,,,,
19,73679,,,0.6962640285491943,8.687616348266602,0.9351743459701538,1.1478862762451172,0.9351743459701538
19,73679,0.8246458172798157,,,,,,
20,73699,,0.8506793975830078,,,,,
20,73749,,0.7974543571472168,,,,,
20,73799,,0.8426815867424011,,,,,
20,73849,,0.8179599046707153,,,,,
20,73899,,0.8695313334465027,,,,,
20,73949,,0.7671300172805786,,,,,
20,73999,,0.7958570718765259,,,,,
20,74049,,0.8607006072998047,,,,,
20,74099,,0.801836371421814,,,,,
20,74149,,0.8324898481369019,,,,,
20,74199,,0.8332173228263855,,,,,
20,74249,,0.8311334848403931,,,,,
20,74299,,0.8207581639289856,,,,,
20,74349,,0.8650230169296265,,,,,
20,74399,,0.7862744927406311,,,,,
20,74449,,0.8453880548477173,,,,,
20,74499,,0.7941932678222656,,,,,
20,74549,,0.8190556168556213,,,,,
20,74599,,0.8003324270248413,,,,,
20,74649,,0.7747986316680908,,,,,
20,74699,,0.8757697343826294,,,,,
20,74749,,0.8621021509170532,,,,,
20,74799,,0.8469072580337524,,,,,
20,74849,,0.7804117798805237,,,,,
20,74899,,0.8375741243362427,,,,,
20,74949,,0.8590974807739258,,,,,
20,74999,,0.8204275965690613,,,,,
20,75049,,0.7754747271537781,,,,,
20,75099,,0.8360635638237,,,,,
20,75149,,0.8474546670913696,,,,,
20,75199,,0.8064936995506287,,,,,
20,75249,,0.805678129196167,,,,,
20,75299,,0.8313073515892029,,,,,
20,75349,,0.8515850901603699,,,,,
20,75399,,0.789789080619812,,,,,
20,75449,,0.8524386882781982,,,,,
20,75499,,0.8518555760383606,,,,,
20,75549,,0.8122075200080872,,,,,
20,75599,,0.8450337648391724,,,,,
20,75649,,0.8149534463882446,,,,,
20,75699,,0.8223085999488831,,,,,
20,75749,,0.8276498317718506,,,,,
20,75799,,0.832943320274353,,,,,
20,75849,,0.8389912843704224,,,,,
20,75899,,0.827984094619751,,,,,
20,75949,,0.7856950759887695,,,,,
20,75999,,0.8880753517150879,,,,,
20,76049,,0.7900283932685852,,,,,
20,76099,,0.8274744749069214,,,,,
20,76149,,0.8419013023376465,,,,,
20,76199,,0.7986400723457336,,,,,
20,76249,,0.8471356630325317,,,,,
20,76299,,0.8498482704162598,,,,,
20,76349,,0.8335675597190857,,,,,
20,76399,,0.8186066746711731,,,,,
20,76449,,0.7993040084838867,,,,,
20,76499,,0.821159303188324,,,,,
20,76549,,0.8145425319671631,,,,,
20,76599,,0.8170344829559326,,,,,
20,76649,,0.8027017712593079,,,,,
20,76699,,0.8307857513427734,,,,,
20,76749,,0.7749969363212585,,,,,
20,76799,,0.8561638593673706,,,,,
20,76849,,0.8410982489585876,,,,,
20,76899,,0.8136918544769287,,,,,
20,76949,,0.9052851796150208,,,,,
20,76999,,0.8294757008552551,,,,,
20,77049,,0.8159237504005432,,,,,
20,77099,,0.78047776222229,,,,,
20,77149,,0.8086689710617065,,,,,
20,77199,,0.7882795929908752,,,,,
20,77249,,0.8174942135810852,,,,,
20,77299,,0.8009506464004517,,,,,
20,77349,,0.818873941898346,,,,,
20,77363,,,0.6960650086402893,8.618351936340332,0.9358958005905151,1.148436188697815,0.9358958005905151
20,77363,0.8246503472328186,,,,,,
21,77399,,0.8343011140823364,,,,,
21,77449,,0.7823942303657532,,,,,
21,77499,,0.8122354745864868,,,,,
21,77549,,0.8242089152336121,,,,,
21,77599,,0.8207381963729858,,,,,
21,77649,,0.8237998485565186,,,,,
21,77699,,0.8044204115867615,,,,,
21,77749,,0.799509584903717,,,,,
21,77799,,0.8363213539123535,,,,,
21,77849,,0.7862988114356995,,,,,
21,77899,,0.8539138436317444,,,,,
21,77949,,0.7918139100074768,,,,,
21,77999,,0.8559308052062988,,,,,
21,78049,,0.7703893184661865,,,,,
21,78099,,0.8687658905982971,,,,,
21,78149,,0.8318679332733154,,,,,
21,78199,,0.8252972960472107,,,,,
21,78249,,0.7766895890235901,,,,,
21,78299,,0.8212387561798096,,,,,
21,78349,,0.8339331150054932,,,,,
21,78399,,0.8501259684562683,,,,,
21,78449,,0.7911883592605591,,,,,
21,78499,,0.8148403763771057,,,,,
21,78549,,0.8126801252365112,,,,,
21,78599,,0.8888407349586487,,,,,
21,78649,,0.7964878082275391,,,,,
21,78699,,0.8262391090393066,,,,,
21,78749,,0.7986395955085754,,,,,
21,78799,,0.8556418418884277,,,,,
21,78849,,0.8387755751609802,,,,,
21,78899,,0.7893275022506714,,,,,
21,78949,,0.8210440278053284,,,,,
21,78999,,0.7919401526451111,,,,,
21,79049,,0.8274967670440674,,,,,
21,79099,,0.776141345500946,,,,,
21,79149,,0.8261367082595825,,,,,
21,79199,,0.8209636211395264,,,,,
21,79249,,0.8227380514144897,,,,,
21,79299,,0.8089123368263245,,,,,
21,79349,,0.8124130368232727,,,,,
21,79399,,0.8287838101387024,,,,,
21,79449,,0.8245849013328552,,,,,
21,79499,,0.7798525094985962,,,,,
21,79549,,0.8256243467330933,,,,,
21,79599,,0.8536964654922485,,,,,
21,79649,,0.8265376687049866,,,,,
21,79699,,0.809257984161377,,,,,
21,79749,,0.8262033462524414,,,,,
21,79799,,0.8109221458435059,,,,,
21,79849,,0.8021577000617981,,,,,
21,79899,,0.8587697148323059,,,,,
21,79949,,0.7857903242111206,,,,,
21,79999,,0.8291257619857788,,,,,
21,80049,,0.832421600818634,,,,,
21,80099,,0.8441163897514343,,,,,
21,80149,,0.9011958241462708,,,,,
21,80199,,0.8386000394821167,,,,,
21,80249,,0.7824527621269226,,,,,
21,80299,,0.8136267066001892,,,,,
21,80349,,0.8205912709236145,,,,,
21,80399,,0.8426023721694946,,,,,
21,80449,,0.7769408226013184,,,,,
21,80499,,0.8261305093765259,,,,,
21,80549,,0.7825605273246765,,,,,
21,80599,,0.8049174547195435,,,,,
21,80649,,0.8126206398010254,,,,,
21,80699,,0.8827723860740662,,,,,
21,80749,,0.7907911539077759,,,,,
21,80799,,0.8298413157463074,,,,,
21,80849,,0.8426558375358582,,,,,
21,80899,,0.791042685508728,,,,,
21,80949,,0.8340832591056824,,,,,
21,80999,,0.8385743498802185,,,,,
21,81047,,,0.698896586894989,8.85648250579834,0.9401481747627258,1.144497036933899,0.9401481747627258
21,81047,0.8246849775314331,,,,,,
22,81049,,0.8710311055183411,,,,,
22,81099,,0.8333300352096558,,,,,
22,81149,,0.7849149703979492,,,,,
22,81199,,0.8215415477752686,,,,,
22,81249,,0.7861052751541138,,,,,
22,81299,,0.9070189595222473,,,,,
22,81349,,0.8128767013549805,,,,,
22,81399,,0.8116439580917358,,,,,
22,81449,,0.7755056619644165,,,,,
22,81499,,0.7888479232788086,,,,,
22,81549,,0.8254525065422058,,,,,
22,81599,,0.8343381285667419,,,,,
22,81649,,0.8197386264801025,,,,,
22,81699,,0.8288394212722778,,,,,
22,81749,,0.8329868912696838,,,,,
22,81799,,0.7983382344245911,,,,,
22,81849,,0.815585732460022,,,,,
22,81899,,0.7864654660224915,,,,,
22,81949,,0.8082183003425598,,,,,
22,81999,,0.8423631191253662,,,,,
22,82049,,0.865909993648529,,,,,
22,82099,,0.7687175869941711,,,,,
22,82149,,0.8301665782928467,,,,,
22,82199,,0.7863830327987671,,,,,
22,82249,,0.800641655921936,,,,,
22,82299,,0.8031558394432068,,,,,
22,82349,,0.7639260292053223,,,,,
22,82399,,0.7940357327461243,,,,,
22,82449,,0.8359695672988892,,,,,
22,82499,,0.840297520160675,,,,,
22,82549,,0.7912284135818481,,,,,
22,82599,,0.8460033535957336,,,,,
22,82649,,0.8911760449409485,,,,,
22,82699,,0.8119574785232544,,,,,
22,82749,,0.8322733044624329,,,,,
22,82799,,0.8033669590950012,,,,,
22,82849,,0.8492774367332458,,,,,
22,82899,,0.8008943796157837,,,,,
22,82949,,0.8342882990837097,,,,,
22,82999,,0.8313203454017639,,,,,
22,83049,,0.8426761031150818,,,,,
22,83099,,0.8785708546638489,,,,,
22,83149,,0.822720468044281,,,,,
22,83199,,0.8184360265731812,,,,,
22,83249,,0.7805414795875549,,,,,
22,83299,,0.7974821925163269,,,,,
22,83349,,0.8133291602134705,,,,,
22,83399,,0.9010120630264282,,,,,
22,83449,,0.8044366240501404,,,,,
22,83499,,0.8158531188964844,,,,,
22,83549,,0.7974056601524353,,,,,
22,83599,,0.834021806716919,,,,,
22,83649,,0.8502864837646484,,,,,
22,83699,,0.8042295575141907,,,,,
22,83749,,0.7956070303916931,,,,,
22,83799,,0.8410192728042603,,,,,
22,83849,,0.7898643612861633,,,,,
22,83899,,0.7786082625389099,,,,,
22,83949,,0.7996052503585815,,,,,
22,83999,,0.8049225211143494,,,,,
22,84049,,0.8629050254821777,,,,,
22,84099,,0.8414682745933533,,,,,
22,84149,,0.8425441384315491,,,,,
22,84199,,0.848464846611023,,,,,
22,84249,,0.8361455202102661,,,,,
22,84299,,0.7852565050125122,,,,,
22,84349,,0.8078353404998779,,,,,
22,84399,,0.8609839677810669,,,,,
22,84449,,0.8297213912010193,,,,,
22,84499,,0.8008952140808105,,,,,
22,84549,,0.8318555355072021,,,,,
22,84599,,0.8580455183982849,,,,,
22,84649,,0.8792832493782043,,,,,
22,84699,,0.8486979007720947,,,,,
22,84731,,,0.6970183849334717,8.674623489379883,0.9368354678153992,1.149739146232605,0.9368354678153992
22,84731,0.8247007727622986,,,,,,
23,84749,,0.8279012441635132,,,,,
23,84799,,0.8162668347358704,,,,,
23,84849,,0.8465326428413391,,,,,
23,84899,,0.7975510954856873,,,,,
23,84949,,0.8573998808860779,,,,,
23,84999,,0.8042479753494263,,,,,
23,85049,,0.8373436331748962,,,,,
23,85099,,0.7770262956619263,,,,,
23,85149,,0.8291582465171814,,,,,
23,85199,,0.807019054889679,,,,,
23,85249,,0.7984707355499268,,,,,
23,85299,,0.8338756561279297,,,,,
23,85349,,0.844739556312561,,,,,
23,85399,,0.79681795835495,,,,,
23,85449,,0.8002853989601135,,,,,
23,85499,,0.7987293004989624,,,,,
23,85549,,0.8540137410163879,,,,,
23,85599,,0.830941379070282,,,,,
23,85649,,0.8098108768463135,,,,,
23,85699,,0.8251891136169434,,,,,
23,85749,,0.8132809996604919,,,,,
23,85799,,0.8066283464431763,,,,,
23,85849,,0.7908271551132202,,,,,
23,85899,,0.828985869884491,,,,,
23,85949,,0.8003183007240295,,,,,
23,85999,,0.8498793840408325,,,,,
23,86049,,0.8153704404830933,,,,,
23,86099,,0.8244414329528809,,,,,
23,86149,,0.7860344648361206,,,,,
23,86199,,0.8418722748756409,,,,,
23,86249,,0.8412140011787415,,,,,
23,86299,,0.8402884602546692,,,,,
23,86349,,0.7995643019676208,,,,,
23,86399,,0.7866761684417725,,,,,
23,86449,,0.8248264789581299,,,,,
23,86499,,0.8037707805633545,,,,,
23,86549,,0.8078615665435791,,,,,
23,86599,,0.8202098608016968,,,,,
23,86649,,0.7929745316505432,,,,,
23,86699,,0.7921790480613708,,,,,
23,86749,,0.8512551188468933,,,,,
23,86799,,0.8632829189300537,,,,,
23,86849,,0.8879162073135376,,,,,
23,86899,,0.8213371634483337,,,,,
23,86949,,0.8494173884391785,,,,,
23,86999,,0.8214719295501709,,,,,
23,87049,,0.8323274254798889,,,,,
23,87099,,0.8078866600990295,,,,,
23,87149,,0.7581861615180969,,,,,
23,87199,,0.7959001660346985,,,,,
23,87249,,0.8574962019920349,,,,,
23,87299,,0.8199841976165771,,,,,
23,87349,,0.804361879825592,,,,,
23,87399,,0.8291226625442505,,,,,
23,87449,,0.8013312816619873,,,,,
23,87499,,0.8240055441856384,,,,,
23,87549,,0.8162730932235718,,,,,
23,87599,,0.8520005941390991,,,,,
23,87649,,0.8091915249824524,,,,,
23,87699,,0.8426903486251831,,,,,
23,87749,,0.9189284443855286,,,,,
23,87799,,0.8273262977600098,,,,,
23,87849,,0.7789130806922913,,,,,
23,87899,,0.8509418368339539,,,,,
23,87949,,0.7793759107589722,,,,,
23,87999,,0.8231667876243591,,,,,
23,88049,,0.7966439127922058,,,,,
23,88099,,0.837956428527832,,,,,
23,88149,,0.7687745690345764,,,,,
23,88199,,0.8098850846290588,,,,,
23,88249,,0.8470082879066467,,,,,
23,88299,,0.8070601224899292,,,,,
23,88349,,0.8340462446212769,,,,,
23,88399,,0.850747287273407,,,,,
23,88415,,,0.6993491053581238,8.977806091308594,0.9390267729759216,1.1475716829299927,0.9390267729759216
23,88415,0.8245301842689514,,,,,,
24,88449,,0.919822096824646,,,,,
24,88499,,0.8570738434791565,,,,,
24,88549,,0.7691073417663574,,,,,
24,88599,,0.8184473514556885,,,,,
24,88649,,0.8693069219589233,,,,,
24,88699,,0.8054636120796204,,,,,
24,88749,,0.7931609153747559,,,,,
24,88799,,0.8426545858383179,,,,,
24,88849,,0.8367041945457458,,,,,
24,88899,,0.8073787093162537,,,,,
24,88949,,0.8060148358345032,,,,,
24,88999,,0.835476279258728,,,,,
24,89049,,0.8337709903717041,,,,,
24,89099,,0.7903792262077332,,,,,
24,89149,,0.7897013425827026,,,,,
24,89199,,0.8376375436782837,,,,,
24,89249,,0.8190096616744995,,,,,
24,89299,,0.8068697452545166,,,,,
24,89349,,0.8481788635253906,,,,,
24,89399,,0.831574022769928,,,,,
24,89449,,0.8590136170387268,,,,,
24,89499,,0.7918480634689331,,,,,
24,89549,,0.7973780632019043,,,,,
24,89599,,0.8135976791381836,,,,,
24,89649,,0.8026103973388672,,,,,
24,89699,,0.8154294490814209,,,,,
24,89749,,0.8498027324676514,,,,,
24,89799,,0.819236159324646,,,,,
24,89849,,0.8507104516029358,,,,,
24,89899,,0.8234530091285706,,,,,
24,89949,,0.7967337369918823,,,,,
24,89999,,0.8451847434043884,,,,,
24,90049,,0.7870864272117615,,,,,
24,90099,,0.8230848908424377,,,,,
24,90149,,0.822651743888855,,,,,
24,90199,,0.82468181848526,,,,,
24,90249,,0.8155436515808105,,,,,
24,90299,,0.8191667199134827,,,,,
24,90349,,0.8880918622016907,,,,,
24,90399,,0.8018888831138611,,,,,
24,90449,,0.8548794984817505,,,,,
24,90499,,0.874138355255127,,,,,
24,90549,,0.8449511528015137,,,,,
24,90599,,0.822758138179779,,,,,
24,90649,,0.8134662508964539,,,,,
24,90699,,0.851416826248169,,,,,
24,90749,,0.7611020803451538,,,,,
24,90799,,0.8426855802536011,,,,,
24,90849,,0.7856036424636841,,,,,
24,90899,,0.8176770210266113,,,,,
24,90949,,0.806202232837677,,,,,
24,90999,,0.8067387342453003,,,,,
24,91049,,0.850369393825531,,,,,
24,91099,,0.7656934261322021,,,,,
24,91149,,0.8287466168403625,,,,,
24,91199,,0.7997291684150696,,,,,
24,91249,,0.8357066512107849,,,,,
24,91299,,0.8362756967544556,,,,,
24,91349,,0.8122711777687073,,,,,
24,91399,,0.7799668312072754,,,,,
24,91449,,0.8047792315483093,,,,,
24,91499,,0.7970507144927979,,,,,
24,91549,,0.79380863904953,,,,,
24,91599,,0.8346280455589294,,,,,
24,91649,,0.8038194179534912,,,,,
24,91699,,0.7597684860229492,,,,,
24,91749,,0.8078099489212036,,,,,
24,91799,,0.8132599592208862,,,,,
24,91849,,0.8698692321777344,,,,,
24,91899,,0.8496022820472717,,,,,
24,91949,,0.8094955086708069,,,,,
24,91999,,0.850266695022583,,,,,
24,92049,,0.8136981129646301,,,,,
24,92099,,0.8311921954154968,,,,,
24,92099,,,0.6974037885665894,8.648911476135254,0.9377083778381348,1.1472985744476318,0.9377083778381348
24,92099,0.8245497941970825,,,,,,
25,92149,,0.7960458993911743,,,,,
25,92199,,0.7877449989318848,,,,,
25,92249,,0.8507208824157715,,,,,
25,92299,,0.8511433601379395,,,,,
25,92349,,0.8144297003746033,,,,,
25,92399,,0.8105919361114502,,,,,
25,92449,,0.7960520386695862,,,,,
25,92499,,0.7922353148460388,,,,,
25,92549,,0.8540129661560059,,,,,
25,92599,,0.8471469283103943,,,,,
25,92649,,0.8109825253486633,,,,,
25,92699,,0.7800296545028687,,,,,
25,92749,,0.8467301726341248,,,,,
25,92799,,0.8249582648277283,,,,,
25,92849,,0.8422680497169495,,,,,
25,92899,,0.8657311201095581,,,,,
25,92949,,0.8580378890037537,,,,,
25,92999,,0.7895285487174988,,,,,
25,93049,,0.79410719871521,,,,,
25,93099,,0.85468590259552,,,,,
25,93149,,0.8018885254859924,,,,,
25,93199,,0.8036350607872009,,,,,
25,93249,,0.8117572069168091,,,,,
25,93299,,0.8327964544296265,,,,,
25,93349,,0.8373532295227051,,,,,
25,93399,,0.8662691116333008,,,,,
25,93449,,0.8331553339958191,,,,,
25,93499,,0.763976514339447,,,,,
25,93549,,0.7797470688819885,,,,,
25,93599,,0.843263566493988,,,,,
25,93649,,0.8450223803520203,,,,,
25,93699,,0.8374562859535217,,,,,
25,93749,,0.7877190709114075,,,,,
25,93799,,0.8241718411445618,,,,,
25,93849,,0.8697802424430847,,,,,
25,93899,,0.8523740768432617,,,,,
25,93949,,0.8032296299934387,,,,,
25,93999,,0.8449088931083679,,,,,
25,94049,,0.8602050542831421,,,,,
25,94099,,0.8031644225120544,,,,,
25,94149,,0.7898552417755127,,,,,
25,94199,,0.8169471025466919,,,,,
25,94249,,0.8181834816932678,,,,,
25,94299,,0.812890350818634,,,,,
25,94349,,0.7841677069664001,,,,,
25,94399,,0.8186814785003662,,,,,
25,94449,,0.8107790946960449,,,,,
25,94499,,0.8771626949310303,,,,,
25,94549,,0.8479293584823608,,,,,
25,94599,,0.8591951131820679,,,,,
25,94649,,0.8132838606834412,,,,,
25,94699,,0.7983760237693787,,,,,
25,94749,,0.8482335209846497,,,,,
25,94799,,0.8101122975349426,,,,,
25,94849,,0.8088037371635437,,,,,
25,94899,,0.8111231327056885,,,,,
25,94949,,0.8021837472915649,,,,,
25,94999,,0.8196771144866943,,,,,
25,95049,,0.8713546395301819,,,,,
25,95099,,0.8247592449188232,,,,,
25,95149,,0.8184148073196411,,,,,
25,95199,,0.7932509183883667,,,,,
25,95249,,0.8591182827949524,,,,,
25,95299,,0.8490709662437439,,,,,
25,95349,,0.8708980083465576,,,,,
25,95399,,0.8051053285598755,,,,,
25,95449,,0.8373599052429199,,,,,
25,95499,,0.8091093897819519,,,,,
25,95549,,0.8549628853797913,,,,,
25,95599,,0.8244277834892273,,,,,
25,95649,,0.8250300288200378,,,,,
25,95699,,0.7717432975769043,,,,,
25,95749,,0.8952886462211609,,,,,
25,95783,,,0.6977505683898926,8.531150817871094,0.9380709528923035,1.1495022773742676,0.9380709528923035
25,95783,0.8245233297348022,,,,,,
26,95799,,0.8453068137168884,,,,,
26,95849,,0.8313533663749695,,,,,
26,95899,,0.7797408103942871,,,,,
26,95949,,0.7791879773139954,,,,,
26,95999,,0.8188475370407104,,,,,
26,96049,,0.8257461190223694,,,,,
26,96099,,0.8414884805679321,,,,,
26,96149,,0.8936517238616943,,,,,
26,96199,,0.8335042595863342,,,,,
26,96249,,0.8503755927085876,,,,,
26,96299,,0.8241882920265198,,,,,
26,96349,,0.8067435622215271,,,,,
26,96399,,0.8141845464706421,,,,,
26,96449,,0.8253192901611328,,,,,
26,96499,,0.8696850538253784,,,,,
26,96549,,0.8693482279777527,,,,,
26,96599,,0.8425694704055786,,,,,
26,96649,,0.81917405128479,,,,,
26,96699,,0.8539685010910034,,,,,
26,96749,,0.8291289806365967,,,,,
26,96799,,0.894708514213562,,,,,
26,96849,,0.7771149277687073,,,,,
26,96899,,0.8039327263832092,,,,,
26,96949,,0.8025283813476562,,,,,
26,96999,,0.746060311794281,,,,,
26,97049,,0.8560872673988342,,,,,
26,97099,,0.803009569644928,,,,,
26,97149,,0.8212618231773376,,,,,
26,97199,,0.7849982976913452,,,,,
26,97249,,0.8197379112243652,,,,,
26,97299,,0.7716910243034363,,,,,
26,97349,,0.7776620388031006,,,,,
26,97399,,0.7777241468429565,,,,,
26,97449,,0.7718831896781921,,,,,
26,97499,,0.8300615549087524,,,,,
26,97549,,0.7881852984428406,,,,,
26,97599,,0.8575564622879028,,,,,
26,97649,,0.7644438147544861,,,,,
26,97699,,0.8903226852416992,,,,,
26,97749,,0.798912525177002,,,,,
26,97799,,0.7731087803840637,,,,,
26,97849,,0.8299688100814819,,,,,
26,97899,,0.8042473196983337,,,,,
26,97949,,0.8320223093032837,,,,,
26,97999,,0.8371555209159851,,,,,
26,98049,,0.8325045108795166,,,,,
26,98099,,0.8212457895278931,,,,,
26,98149,,0.8034644722938538,,,,,
26,98199,,0.9178891181945801,,,,,
26,98249,,0.8488086462020874,,,,,
26,98299,,0.8036578297615051,,,,,
26,98349,,0.8602597713470459,,,,,
26,98399,,0.8535069823265076,,,,,
26,98449,,0.8040902018547058,,,,,
26,98499,,0.7890532612800598,,,,,
26,98549,,0.7900543808937073,,,,,
26,98599,,0.7701057195663452,,,,,
26,98649,,0.8138054013252258,,,,,
26,98699,,0.8932316303253174,,,,,
26,98749,,0.8524370193481445,,,,,
26,98799,,0.8584179282188416,,,,,
26,98849,,0.7811962366104126,,,,,
26,98899,,0.8706039190292358,,,,,
26,98949,,0.8114556670188904,,,,,
26,98999,,0.8418381214141846,,,,,
26,99049,,0.8218685388565063,,,,,
26,99099,,0.8438283205032349,,,,,
26,99149,,0.7851189970970154,,,,,
26,99199,,0.8342946171760559,,,,,
26,99249,,0.8073968291282654,,,,,
26,99299,,0.8048512935638428,,,,,
26,99349,,0.8217105865478516,,,,,
26,99399,,0.7988710999488831,,,,,
26,99449,,0.8343387246131897,,,,,
26,99467,,,0.6990537047386169,8.573019981384277,0.9390243887901306,1.1458827257156372,0.9390243887901306
26,99467,0.8245700597763062,,,,,,
27,99499,,0.8083381056785583,,,,,
27,99549,,0.8031213283538818,,,,,
27,99599,,0.8806749582290649,,,,,
27,99649,,0.7933451533317566,,,,,
27,99699,,0.862437903881073,,,,,
27,99749,,0.8739175200462341,,,,,
27,99799,,0.8172857761383057,,,,,
27,99849,,0.7886452078819275,,,,,
27,99899,,0.8359105587005615,,,,,
27,99949,,0.8230597972869873,,,,,
27,99999,,0.8055984377861023,,,,,
27,100049,,0.7899183034896851,,,,,
27,100099,,0.8081914186477661,,,,,
27,100149,,0.871100127696991,,,,,
27,100199,,0.8411970138549805,,,,,
27,100249,,0.8280407190322876,,,,,
27,100299,,0.8446824550628662,,,,,
27,100349,,0.8879677057266235,,,,,
27,100399,,0.786255419254303,,,,,
27,100449,,0.7907642126083374,,,,,
27,100499,,0.8084109425544739,,,,,
27,100549,,0.7892693877220154,,,,,
27,100599,,0.835297167301178,,,,,
27,100649,,0.7687877416610718,,,,,
27,100699,,0.820104718208313,,,,,
27,100749,,0.7984083890914917,,,,,
27,100799,,0.8167449235916138,,,,,
27,100849,,0.9524056315422058,,,,,
27,100899,,0.7799688577651978,,,,,
27,100949,,0.8517142534255981,,,,,
27,100999,,0.7949588894844055,,,,,
27,101049,,0.8212835192680359,,,,,
27,101099,,0.8108140230178833,,,,,
27,101149,,0.8599931001663208,,,,,
27,101199,,0.8297345042228699,,,,,
27,101249,,0.8148854970932007,,,,,
27,101299,,0.8567893505096436,,,,,
27,101349,,0.8553034067153931,,,,,
27,101399,,0.810099720954895,,,,,
27,101449,,0.7938152551651001,,,,,
27,101499,,0.8418212532997131,,,,,
27,101549,,0.7962023019790649,,,,,
27,101599,,0.8417825102806091,,,,,
27,101649,,0.8463566899299622,,,,,
27,101699,,0.827250063419342,,,,,
27,101749,,0.8633859753608704,,,,,
27,101799,,0.7833030223846436,,,,,
27,101849,,0.7738902568817139,,,,,
27,101899,,0.7741543650627136,,,,,
27,101949,,0.8270785808563232,,,,,
27,101999,,0.8012020587921143,,,,,
27,102049,,0.8588877320289612,,,,,
27,102099,,0.7960935235023499,,,,,
27,102149,,0.8191145658493042,,,,,
27,102199,,0.7809650897979736,,,,,
27,102249,,0.8067731857299805,,,,,
27,102299,,0.8396978378295898,,,,,
27,102349,,0.781319797039032,,,,,
27,102399,,0.774497926235199,,,,,
27,102449,,0.7898641228675842,,,,,
27,102499,,0.8230096101760864,,,,,
27,102549,,0.7807543277740479,,,,,
27,102599,,0.8160105347633362,,,,,
27,102649,,0.7867743968963623,,,,,
27,102699,,0.8221341371536255,,,,,
27,102749,,0.8157699704170227,,,,,
27,102799,,0.8337042331695557,,,,,
27,102849,,0.8248540759086609,,,,,
27,102899,,0.7848642468452454,,,,,
27,102949,,0.7960461378097534,,,,,
27,102999,,0.8298225402832031,,,,,
27,103049,,0.8747239112854004,,,,,
27,103099,,0.8174434304237366,,,,,
27,103149,,0.8240905404090881,,,,,
27,103151,,,0.6981596946716309,8.486824989318848,0.9381264448165894,1.1478400230407715,0.9381264448165894
27,103151,0.8244859576225281,,,,,,
28,103199,,0.8211561441421509,,,,,
28,103249,,0.8212578892707825,,,,,
28,103299,,0.8719308972358704,,,,,
28,103349,,0.8012181520462036,,,,,
28,103399,,0.8305156230926514,,,,,
28,103449,,0.8028380870819092,,,,,
28,103499,,0.7615634799003601,,,,,
28,103549,,0.8904544711112976,,,,,
28,103599,,0.843733012676239,,,,,
28,103649,,0.7731737494468689,,,,,
28,103699,,0.8594551682472229,,,,,
28,103749,,0.8118711113929749,,,,,
28,103799,,0.8347070217132568,,,,,
28,103849,,0.7886911034584045,,,,,
28,103899,,0.7370048761367798,,,,,
28,103949,,0.8263300657272339,,,,,
28,103999,,0.8416193723678589,,,,,
28,104049,,0.8141236901283264,,,,,
28,104099,,0.8791107535362244,,,,,
28,104149,,0.8340961933135986,,,,,
28,104199,,0.746929943561554,,,,,
28,104249,,0.7888518571853638,,,,,
28,104299,,0.8374407291412354,,,,,
28,104349,,0.8653409481048584,,,,,
28,104399,,0.816826581954956,,,,,
28,104449,,0.8748914003372192,,,,,
28,104499,,0.8108980655670166,,,,,
28,104549,,0.8304070234298706,,,,,
28,104599,,0.8629277348518372,,,,,
28,104649,,0.7548196315765381,,,,,
28,104699,,0.768589198589325,,,,,
28,104749,,0.7966964840888977,,,,,
28,104799,,0.8097663521766663,,,,,
28,104849,,0.8393223881721497,,,,,
28,104899,,0.8342035412788391,,,,,
28,104949,,0.8127814531326294,,,,,
28,104999,,0.8772932887077332,,,,,
28,105049,,0.8460655808448792,,,,,
28,105099,,0.818875253200531,,,,,
28,105149,,0.8315871953964233,,,,,
28,105199,,0.833527684211731,,,,,
28,105249,,0.8172619938850403,,,,,
28,105299,,0.8251221776008606,,,,,
28,105349,,0.8678308129310608,,,,,
28,105399,,0.8048771023750305,,,,,
28,105449,,0.7879654765129089,,,,,
28,105499,,0.8538340330123901,,,,,
28,105549,,0.813289999961853,,,,,
28,105599,,0.78790283203125,,,,,
28,105649,,0.8376696109771729,,,,,
28,105699,,0.8375577330589294,,,,,
28,105749,,0.8780667781829834,,,,,
28,105799,,0.8256840109825134,,,,,
28,105849,,0.8447775840759277,,,,,
28,105899,,0.8107907772064209,,,,,
28,105949,,0.8592854738235474,,,,,
28,105999,,0.8895532488822937,,,,,
28,106049,,0.8323416113853455,,,,,
28,106099,,0.8195641040802002,,,,,
28,106149,,0.7996766567230225,,,,,
28,106199,,0.8268775343894958,,,,,
28,106249,,0.8465630412101746,,,,,
28,106299,,0.8094821572303772,,,,,
28,106349,,0.80915766954422,,,,,
28,106399,,0.79361492395401,,,,,
28,106449,,0.8235495090484619,,,,,
28,106499,,0.8480564951896667,,,,,
28,106549,,0.812908411026001,,,,,
28,106599,,0.8573901057243347,,,,,
28,106649,,0.8601266741752625,,,,,
28,106699,,0.8410230278968811,,,,,
28,106749,,0.7702847719192505,,,,,
28,106799,,0.7806994915008545,,,,,
28,106835,,,0.6992895007133484,8.700630187988281,0.939726710319519,1.1483732461929321,0.939726710319519
28,106835,0.8244243860244751,,,,,,
29,106849,,0.8806502223014832,,,,,
29,106899,,0.8488070368766785,,,,,
29,106949,,0.8595958352088928,,,,,
29,106999,,0.8379570245742798,,,,,
29,107049,,0.7902756333351135,,,,,
29,107099,,0.8061299324035645,,,,,
29,107149,,0.8317918181419373,,,,,
29,107199,,0.8550909161567688,,,,,
29,107249,,0.8602659106254578,,,,,
29,107299,,0.832679808139801,,,,,
29,107349,,0.8157088160514832,,,,,
29,107399,,0.780089795589447,,,,,
29,107449,,0.8288548588752747,,,,,
29,107499,,0.819184422492981,,,,,
29,107549,,0.8624600768089294,,,,,
29,107599,,0.7885571122169495,,,,,
29,107649,,0.8387302160263062,,,,,
29,107699,,0.8301973342895508,,,,,
29,107749,,0.8275792598724365,,,,,
29,107799,,0.8090441823005676,,,,,
29,107849,,0.8100072741508484,,,,,
29,107899,,0.7955319881439209,,,,,
29,107949,,0.82269686460495,,,,,
29,107999,,0.8244463801383972,,,,,
29,108049,,0.80363529920578,,,,,
29,108099,,0.808219850063324,,,,,
29,108149,,0.8288275003433228,,,,,
29,108199,,0.8326091170310974,,,,,
29,108249,,0.8351288437843323,,,,,
29,108299,,0.8346667289733887,,,,,
29,108349,,0.829936146736145,,,,,
29,108399,,0.8550328016281128,,,,,
29,108449,,0.8047851324081421,,,,,
29,108499,,0.8405136466026306,,,,,
29,108549,,0.8162520527839661,,,,,
29,108599,,0.826056957244873,,,,,
29,108649,,0.8246091604232788,,,,,
29,108699,,0.8686216473579407,,,,,
29,108749,,0.7951012849807739,,,,,
29,108799,,0.7990009784698486,,,,,
29,108849,,0.8493034839630127,,,,,
29,108899,,0.7857027053833008,,,,,
29,108949,,0.8575925230979919,,,,,
29,108999,,0.838677704334259,,,,,
29,109049,,0.8323116898536682,,,,,
29,109099,,0.829809308052063,,,,,
29,109149,,0.7745798826217651,,,,,
29,109199,,0.8124476671218872,,,,,
29,109249,,0.8122473955154419,,,,,
29,109299,,0.8387907147407532,,,,,
29,109349,,0.7877944707870483,,,,,
29,109399,,0.7987021803855896,,,,,
29,109449,,0.8311626315116882,,,,,
29,109499,,0.834590494632721,,,,,
29,109549,,0.7831854820251465,,,,,
29,109599,,0.864701509475708,,,,,
29,109649,,0.8576574921607971,,,,,
29,109699,,0.8103154301643372,,,,,
29,109749,,0.8015586733818054,,,,,
29,109799,,0.8347545266151428,,,,,
29,109849,,0.7501334547996521,,,,,
29,109899,,0.879612386226654,,,,,
29,109949,,0.8061348795890808,,,,,
29,109999,,0.7660850286483765,,,,,
29,110049,,0.8077230453491211,,,,,
29,110099,,0.8006490468978882,,,,,
29,110149,,0.7760061621665955,,,,,
29,110199,,0.8462404608726501,,,,,
29,110249,,0.7962039709091187,,,,,
29,110299,,0.8451585173606873,,,,,
29,110349,,0.7892391085624695,,,,,
29,110399,,0.7860857248306274,,,,,
29,110449,,0.8138337731361389,,,,,
29,110499,,0.8236414194107056,,,,,
29,110519,,,0.6977671980857849,8.814884185791016,0.9359249472618103,1.1459249258041382,0.9359249472618103
29,110519,0.8244268298149109,,,,,,
30,110549,,0.8467869162559509,,,,,
30,110599,,0.8412335515022278,,,,,
30,110649,,0.8124327659606934,,,,,
30,110699,,0.8207953572273254,,,,,
30,110749,,0.8443405628204346,,,,,
30,110799,,0.8086423873901367,,,,,
30,110849,,0.8227894902229309,,,,,
30,110899,,0.7786673307418823,,,,,
30,110949,,0.7882575392723083,,,,,
30,110999,,0.8008350729942322,,,,,
30,111049,,0.8057010769844055,,,,,
30,111099,,0.8289713859558105,,,,,
30,111149,,0.80897456407547,,,,,
30,111199,,0.8106452822685242,,,,,
30,111249,,0.7830440402030945,,,,,
30,111299,,0.8572713136672974,,,,,
30,111349,,0.8263782262802124,,,,,
30,111399,,0.8246262073516846,,,,,
30,111449,,0.813757061958313,,,,,
30,111499,,0.7943238019943237,,,,,
30,111549,,0.7729073762893677,,,,,
30,111599,,0.8936901688575745,,,,,
30,111649,,0.8759541511535645,,,,,
30,111699,,0.8333588242530823,,,,,
30,111749,,0.844974160194397,,,,,
30,111799,,0.7931259870529175,,,,,
30,111849,,0.8335911631584167,,,,,
30,111899,,0.8199343085289001,,,,,
30,111949,,0.7932359576225281,,,,,
30,111999,,0.8082689642906189,,,,,
30,112049,,0.8367253541946411,,,,,
30,112099,,0.7751820683479309,,,,,
30,112149,,0.8261193037033081,,,,,
30,112199,,0.8325098156929016,,,,,
30,112249,,0.8484272956848145,,,,,
30,112299,,0.8418712615966797,,,,,
30,112349,,0.786626398563385,,,,,
30,112399,,0.8140544295310974,,,,,
30,112449,,0.8113020658493042,,,,,
30,112499,,0.8579826951026917,,,,,
30,112549,,0.7994139790534973,,,,,
30,112599,,0.8237504959106445,,,,,
30,112649,,0.8531770706176758,,,,,
30,112699,,0.7908019423484802,,,,,
30,112749,,0.8527864813804626,,,,,
30,112799,,0.8229990005493164,,,,,
30,112849,,0.8280798196792603,,,,,
30,112899,,0.7875299453735352,,,,,
30,112949,,0.8299093842506409,,,,,
30,112999,,0.86124587059021,,,,,
30,113049,,0.8494930863380432,,,,,
30,113099,,0.8060770034790039,,,,,
30,113149,,0.8442848324775696,,,,,
30,113199,,0.8396087884902954,,,,,
30,113249,,0.8382739424705505,,,,,
30,113299,,0.791506290435791,,,,,
30,113349,,0.8452891707420349,,,,,
30,113399,,0.8369795680046082,,,,,
30,113449,,0.8370888233184814,,,,,
30,113499,,0.8263345956802368,,,,,
30,113549,,0.7424215078353882,,,,,
30,113599,,0.7686399817466736,,,,,
30,113649,,0.7783776521682739,,,,,
30,113699,,0.8082762360572815,,,,,
30,113749,,0.8074725866317749,,,,,
30,113799,,0.8656560182571411,,,,,
30,113849,,0.7932165265083313,,,,,
30,113899,,0.8000028729438782,,,,,
30,113949,,0.8040149211883545,,,,,
30,113999,,0.8520229458808899,,,,,
30,114049,,0.8036064505577087,,,,,
30,114099,,0.7861248850822449,,,,,
30,114149,,0.8376556038856506,,,,,
30,114199,,0.8305979371070862,,,,,
30,114203,,,0.6973909735679626,8.526058197021484,0.9371741414070129,1.1488096714019775,0.9371741414070129
30,114203,0.8244272470474243,,,,,,
31,114249,,0.8297883868217468,,,,,
31,114299,,0.8274089694023132,,,,,
31,114349,,0.7904832363128662,,,,,
31,114399,,0.7836523056030273,,,,,
31,114449,,0.8570411801338196,,,,,
31,114499,,0.8628033399581909,,,,,
31,114549,,0.8528800010681152,,,,,
31,114599,,0.8155106902122498,,,,,
31,114649,,0.8393442630767822,,,,,
31,114699,,0.7994743585586548,,,,,
31,114749,,0.8416382074356079,,,,,
31,114799,,0.8261789679527283,,,,,
31,114849,,0.8540437817573547,,,,,
31,114899,,0.7827560305595398,,,,,
31,114949,,0.8154952526092529,,,,,
31,114999,,0.7786440849304199,,,,,
31,115049,,0.8230280876159668,,,,,
31,115099,,0.8046148419380188,,,,,
31,115149,,0.7928408980369568,,,,,
31,115199,,0.8188620805740356,,,,,
31,115249,,0.8546993732452393,,,,,
31,115299,,0.8535737991333008,,,,,
31,115349,,0.7744272351264954,,,,,
31,115399,,0.7684610486030579,,,,,
31,115449,,0.8140830993652344,,,,,
31,115499,,0.8129346966743469,,,,,
31,115549,,0.8223509192466736,,,,,
31,115599,,0.8405551910400391,,,,,
31,115649,,0.8156024813652039,,,,,
31,115699,,0.8206501007080078,,,,,
31,115749,,0.8458601832389832,,,,,
31,115799,,0.8210743069648743,,,,,
31,115849,,0.7847107648849487,,,,,
31,115899,,0.8189978003501892,,,,,
31,115949,,0.8287107348442078,,,,,
31,115999,,0.8405797481536865,,,,,
31,116049,,0.8070424199104309,,,,,
31,116099,,0.8642404675483704,,,,,
31,116149,,0.7894279360771179,,,,,
31,116199,,0.8332118988037109,,,,,
31,116249,,0.8184342980384827,,,,,
31,116299,,0.8784395456314087,,,,,
31,116349,,0.8078755736351013,,,,,
31,116399,,0.7687852382659912,,,,,
31,116449,,0.8655514121055603,,,,,
31,116499,,0.834110677242279,,,,,
31,116549,,0.7791289687156677,,,,,
31,116599,,0.7720133662223816,,,,,
31,116649,,0.8207154870033264,,,,,
31,116699,,0.7966599464416504,,,,,
31,116749,,0.8620543479919434,,,,,
31,116799,,0.8349668383598328,,,,,
31,116849,,0.8301311731338501,,,,,
31,116899,,0.8081843256950378,,,,,
31,116949,,0.8141606450080872,,,,,
31,116999,,0.7959625720977783,,,,,
31,117049,,0.8056448101997375,,,,,
31,117099,,0.8107179403305054,,,,,
31,117149,,0.8733819127082825,,,,,
31,117199,,0.83940190076828,,,,,
31,117249,,0.8677377700805664,,,,,
31,117299,,0.7562166452407837,,,,,
31,117349,,0.8194071650505066,,,,,
31,117399,,0.8160734176635742,,,,,
31,117449,,0.8220138549804688,,,,,
31,117499,,0.8565603494644165,,,,,
31,117549,,0.8369733691215515,,,,,
31,117599,,0.816703200340271,,,,,
31,117649,,0.8258677124977112,,,,,
31,117699,,0.791728675365448,,,,,
31,117749,,0.7854034900665283,,,,,
31,117799,,0.8092698454856873,,,,,
31,117849,,0.8494324088096619,,,,,
31,117887,,,0.697739839553833,8.817854881286621,0.9368906617164612,1.1461751461029053,0.9368906617164612
31,117887,0.8244423866271973,,,,,,
32,117899,,0.8473289608955383,,,,,
32,117949,,0.8394028544425964,,,,,
32,117999,,0.7894225120544434,,,,,
32,118049,,0.8392528891563416,,,,,
32,118099,,0.8162517547607422,,,,,
32,118149,,0.8278723955154419,,,,,
32,118199,,0.7751237154006958,,,,,
32,118249,,0.8539561033248901,,,,,
32,118299,,0.8395729064941406,,,,,
32,118349,,0.8988065719604492,,,,,
32,118399,,0.8099163174629211,,,,,
32,118449,,0.8387352228164673,,,,,
32,118499,,0.8464019894599915,,,,,
32,118549,,0.7788375020027161,,,,,
32,118599,,0.9012543559074402,,,,,
32,118649,,0.8092947006225586,,,,,
32,118699,,0.8129143118858337,,,,,
32,118749,,0.8362013101577759,,,,,
32,118799,,0.8323062062263489,,,,,
32,118849,,0.8037708401679993,,,,,
32,118899,,0.8320733308792114,,,,,
32,118949,,0.8225700259208679,,,,,
32,118999,,0.8616576790809631,,,,,
32,119049,,0.8653247356414795,,,,,
32,119099,,0.8021355867385864,,,,,
32,119149,,0.8298230767250061,,,,,
32,119199,,0.8846268653869629,,,,,
32,119249,,0.810560941696167,,,,,
32,119299,,0.8050556182861328,,,,,
32,119349,,0.7847082018852234,,,,,
32,119399,,0.8415802121162415,,,,,
32,119449,,0.8251370191574097,,,,,
32,119499,,0.84432053565979,,,,,
32,119549,,0.8005675077438354,,,,,
32,119599,,0.807496964931488,,,,,
32,119649,,0.793688952922821,,,,,
32,119699,,0.8545238971710205,,,,,
32,119749,,0.8037576675415039,,,,,
32,119799,,0.8507072925567627,,,,,
32,119849,,0.8032454252243042,,,,,
32,119899,,0.8073377013206482,,,,,
32,119949,,0.8434507250785828,,,,,
32,119999,,0.8097018599510193,,,,,
32,120049,,0.888430655002594,,,,,
32,120099,,0.8207131624221802,,,,,
32,120149,,0.7889271378517151,,,,,
32,120199,,0.8022562861442566,,,,,
32,120249,,0.7890838980674744,,,,,
32,120299,,0.8279849886894226,,,,,
32,120349,,0.7996624708175659,,,,,
32,120399,,0.8404912352561951,,,,,
32,120449,,0.841444730758667,,,,,
32,120499,,0.8289817571640015,,,,,
32,120549,,0.844558835029602,,,,,
32,120599,,0.7844954133033752,,,,,
32,120649,,0.7409576773643494,,,,,
32,120699,,0.8073095083236694,,,,,
32,120749,,0.7858282923698425,,,,,
32,120799,,0.8147927522659302,,,,,
32,120849,,0.8120312094688416,,,,,
32,120899,,0.8255360722541809,,,,,
32,120949,,0.7809279561042786,,,,,
32,120999,,0.8051187992095947,,,,,
32,121049,,0.8488410115242004,,,,,
32,121099,,0.8369830250740051,,,,,
32,121149,,0.8477486968040466,,,,,
32,121199,,0.7678149938583374,,,,,
32,121249,,0.7855840921401978,,,,,
32,121299,,0.8573843240737915,,,,,
32,121349,,0.798210084438324,,,,,
32,121399,,0.8127701282501221,,,,,
32,121449,,0.8486974835395813,,,,,
32,121499,,0.7938623428344727,,,,,
32,121549,,0.7711122035980225,,,,,
32,121571,,,0.6989570260047913,8.891959190368652,0.9383134245872498,1.1447923183441162,0.9383134245872498
32,121571,0.8243857026100159,,,,,,
33,121572,,,0.6492894887924194,4.117005825042725,0.8507950901985168,1.127029538154602,0.8507950901985168
